jobpost_url,skill_stack,jobpost_name,company_name,company_star,task,qualification,treatment,welfare,end_day,education,career
/position/8084,"['sw·', 'machinelearning·', 'ai/인공지능·', 'python']",질병치료 관련 개발 연구원(신입~3년),넷타겟,0.0,"• 모집분야: Systems Biology, Computational Biology, Bioinformatics, Cheminformatics, Applied Mathematics, Machine Learning, and Computer Science									• 인공지능 알고리즘/SW 개발참여									• 질병치료와 관련한 의학, 생물학, 생화학 분야의 예측모델 개발참여									• 질병치료/신약개발 분야의 연구 프로젝트 수행	",• 석사 이상• 신입~3년 경력,• 제약회사/바이오텍 근무 경력 선호									• 시스템생물학/생물정보학 분야 박사학위 소지자 선호		,"• 개인 장비 지원: 최고급 PC 및 노트북, 구글클라우드 및 자체서버 지원, 사무용품• 자기계발비 지원• 건강검진 지원 • 커피, 티, 음료, 간식 제공• 경조금 및 경조휴가 지원• 탄력근무제• 인센티브제, 상여금, 우수사원포상, 퇴직금, 성과급, 연차수당, 4대보험• 성과에 따른 스톡옵션 고려가능",2022-05-03,석사졸업 이상,신입
/position/6132,"['c#·', 'python·', 'pytorch·', 'tensorflow·', 'keras·', 'deeplearning·', 'machinelearning']",딥러닝 기반 이미지 프로세싱 개발자,에타맥스,2.9,"• 딥러닝을 활용한 반도체, LED 소자 결함 검출 연구 개발",• 관련 전공 석사 이상,"• 대용량 이미지 처리 프로젝트 경험자• Object Detection, Image Segmentation 딥러닝 모델 알고리즘 개발 경험자","• 주 1회 재택근무 가능• 주 5일 유연 근무제 운용, 눈치보이지 않는 자유로운 연차 사용보장, • 중식 제공,  사무실 내 캡슐커피머신 구비, 간식 제공,  • 내일채움공제 지원(조건에 해당하는 인원 한하여), 기숙사 제공• 상여금 지급, 복지포인트 연 50만원 지급 (자기계발, 교통비로 사용 가능)• 건강검진 지원, 대학생 자녀 학자금 지원, 경조사비 지원,• 장기근속자 포상, 생일자 선물 및 조기퇴근, 명절 선물 지급, 출산 축하금 지급• 사내 주차장 보유",2022-05-07,석사졸업 이상,신입
/position/8022,"['python·', 'pytorch·', 'tensorflow·', 'deeplearning']",[전문연구요원] 생성모델 연구 및 제품 개발자 모집,솔트룩스,2.8,"• 생성 모델 연구 및 제품 개발   - GAN 응용 연구(입모양 및 포즈 생성)  - 생성모델을 활용한 제품 개발• 동작인식 알고리즘 개발   - Object Detection, Landmark Detection 알고리즘  및 관련 응용 서비스 제품 개발 • 이미지/영상 모델 개발 관련 사업 수행  - Pytorch, Tensorflow 등 딥러닝 프레임워크를 사용한 모델 개발 및 fine tuning ",• 학력 : 석사학위 이상• 경력 : 신입~경력 3년• 기술스택 : python(pytorch),• 관련 전공 이수 • Openpose/Mmpose를 활용한 연구 및 개발 • SOTA 모델 구현   (Swin Transformer / StykeGAN),• 임직원 및 가족 의료비 및 건강검진 지원• 5성급 호텔 숙박료 지원• 회식비 및 동호회비 지원• 사내 카페테리아 '해다미'운영• 야근식비 지원• 자녀학자금 교비 지원• 선택적 복리후생비• 사내대여금 및 귬융기관 대출제도 지원• 경조사비 지원• 상조물품 지원• 명절선물 지급• 출산선물 지급,상시,석사졸업 이상(졸업예정자 가능),신입
/position/7255,"['python·', 'ai/인공지능·', 'machinelearning·', 'r·', 'aws·', 'azure']",개발 역량이 있는 AI/Data Engineer,쿤텍,4.1,"• AI / Data 컨설팅 - 기업 대상 DataOps, MLOps 컨설팅 - 머신러닝 플랫폼, BI, Autolabeling, data warehouse 등 솔루션 기술지원","• 컴퓨터공학, 데이터, AI, 수학/통계학 등 전산계열 전공자• 개발 경험","• 통계적 기법을 통한 데이터 분석 역량• R/Python 프로그래밍 및 기본적인 쿼리 작성 능력• AWS, Azure 등 클라우드 환경에 대한 이해• 쿠버네티스 및 도커에 대한 기술 역량• 데이터 분석 관련 자격 보유• 빅데이터 분석 프로젝트 유경험자(데이터 분석 파이프라인 구축 유경험자)• Dataiku, KNIME, Data Robot, H2O, TensorFlow 등 사용 경험자• Tableau, MS Power BI 등 BI 사용 경험자• Snowflake 등 data warehouse, data lake 사용 경험자• 인근거주자, 해당직무 근무경험, 문서작성 우수자","• 쿤텍은 자유로운 분위기 안에서 본인이 맡은 역할과 책임을 다하는 업무 환경을 지향합니다. 이러한 업무 환경은 능동적 사고를 통해 주도적으로 문제를 해결해 나가는 방식에 부담을 느끼는 지원자와는 맞지 않을 수 있습니다. 하지만 적극적이고 끊임없는 도전 정신을 통해 빠르게 성장하고 싶은 지원자에겐 최고의 직장이 될 것이라 생각합니다.• 쿤텍은 의무근로시간 (10시 ~ 14시) 이 있는 선택적 근로시간제를 운영하고 있어 근로자가 근무시간을 유동적으로 사용할 수 있습니다. 또한 입사 후 최소 3개월 ~ 최대 6개월 이후 재택근무가 가능하여 근로자의 출/퇴근 소요시간을 줄여줍니다. 쿤텍은 연차 사용에 제약을 두지 않으며 업무에 지장만 없다면 근로자는 당일 연차 사용도 가능합니다.• 쿤텍은 중식/석식/간식을 전액 지원하며 다양한 복지제도를 통해 (교육훈련비 지원, 도서구입비 지원, 게임기 비치, 넓고 깨끗한 개인자리, 최신식 비품 등) 근로자에게 더 나은 업무환경을 제공하려 노력합니다. ",상시,대학교졸업(4년) 이상,신입
/position/5411,"['tensorflow·', 'pytorch·', 'linux·', 'python·', 'ai/인공지능']",[석사이상] AI Engineer,라온데이터,5.0,• Natural Language / Vision / Audio 등 다양한 도메인의 AI 프로젝트 수행• AI 서비스를 위한 시스템 개발,"• 인공지능 관련 분야 석/박사 학위 [필수]• 수습기간 : 3개월• 기본적인 Linux / Unix / Python 사용 능력• 컴퓨터 공학, 수학, 통계학, 이공계열 등 관련 분야 학업 이수• 알고리즘을 이해할 수 있는 수학적 능력 및 모델링 능력","• 학원 / 튜터링 프로그램을 제외한 최신 인공지능 기법을 활용한 서비스 / 프로젝트 진행 경험• Natural Language / Vision / Audio / 추천 등 다양한 도메인의 AI 프로젝트 진행 경험• 해당직무 근무경험• Tensorflow, pytorch 등의 AI 프레임워크 사용 능력",• 코어근무제 - 11:30분 출근 / 자율 퇴근• 모든 팀원간의 수평적인 관계• 입사 시 300만원 상당의 기기 지원• 회사 내에 스터디/연구 적극지원• 식비 / 간식비 전액 지원• 이외 FASTFIVE 입주기업으로 다양한 혜택 활용가능• 프로젝트 수주 시 10% 인센티브 즉시 지급 ,2022-04-29,석사졸업 이상(졸업예정자 가능),신입
/position/7628,"['python·', 'pytorch·', 'tensorflow·', 'opencv·', 'ai/인공지능·', 'deeplearning·', 'machinelearning·', 'ubuntu·', 'c++']","딥러닝, AI(컴퓨터비전) 분야 응용 프로그래머 채용(병역특례 가능)",스칼라웍스,4.5,• 딥러닝 기반의 컴퓨터 비전(영상인식기술) Project 개발 진행 및 Operation• Object Detection·Semantic Segmentation 활용 개발(e.g. YOLO v4·v5)• Image Segmentation 및 Object Detection Neural Network 최적화 및 학습(Training),"• 본인의 잠재력을 믿고 성장을 원하시는 분• Object Detection, Sementic Segmentation 등 인공지능의 기본적인 이해와 활용이 가능하신 분• 기본적인 Python을 이해하고 프로젝트에 적용 가능하신 분",• DeepLearning·AI Data Training 경험자• Linux(Ubuntu) 경험자• C++ 활용 경험자• 활용 라이브러리·프레임워크 ·언어 숙련자• 인턴·정규직 경력 등 유사 직무 경험자• 소프트웨어 계열 전공자• 석·박사 학위 수여자• 전문연구요원(병역특례),"• 유연근무제(선택적 근무시간제) 도입으로 10시 30분까지 자율 출근, 14시 이후 자율 퇴근• 자유로운 연차 사용(반차·반반차 운영)• 휴게실 內 간식·커피머신 비치 등 휴게환경 구비• 여름휴가 별도 제공• 점심시간을 이용한 점심회식• 청년내일채움공제 지원• 명절 귀향비 지급• 특허 등 직무발명시 보상• 평가에 따른 연말성과급",2022-04-18,무관,신입
/position/8052,"['sql·', 'deeplearning·', 'machinelearning·', 'python·', 'r']",데이터 사이언티스트(신입),카비,3.4,• 데이터 분석을 위한 통계 / 딥러닝 / 머신러닝 모델링• 데이터 분석에 기반한 솔루션의 기대효과 예측 및 사후 성과 측정/분석• 카비의 솔루션 데이터를 활용한 Insight 생성,"• 신입 지원 가능• 관련 전공 석사 졸업 이상• 데이터 및 머신러닝에 대한 수학적 이해와 통계적 지식 보유자• 머신러닝 등 최신 알고리즘을 활용한 실제 비즈니스 문제 해결 경험 보유자• SQL, Python, R 등 통계/분석 프로그램 능숙자","• 관련 학과 전공자(통계학, 전산학, 컴퓨터공학 등)• 유관업무 인턴 경험자(통계분석, 데이터마이닝 등)• 대용량, 실시간 데이터 처리 아키텍처 구축과 관련된 직/간접적인 경험 보유자","• 모든 구성원이 우수한 인재, 열정 넘치는 인재!• 지인을 추천하여 같이 으쌰으쌰 일하고 포상금도 받아요!• 업무 관련 특허등록시 포상금 지급!• 열심히 일한 장기근속자! 휴가와 포상금은 회사가 제공할게요 :-)• 일년 중 가장 행복해야할 생일 날 케이크 챙겨드려요!• 업무 집중! 일에 집중할 수 있는 근무 환경!(조심스레 회의를 요청드릴 순 있어요)• 연차 사용에 눈치 보는 곳, 아직 있나요?• Best 퍼포먼스를 보인 구성원에게 봉투와 함께 이달의 사원상을!• 목마르면 일 못하는 분들을 위해, 음료 제공!• 야근을 하시겠다면, 석식 제공해드립니다.(굳이 하시겠다면…)• Newcomer에게 장비 일체 최신형 제공!",상시,석사졸업 이상,신입
/position/3139,"['linux·', 'python·', 'tensorflow·', 'keras']",AI(딥러닝) 연구 및 개발,뉴로다임,정보없음,• Object Detection 및 Object Tracking 연구 및 구현• 시계열 데이터를 이용한 예측 및 이상 감지,• 나이/성별 : 무관• 군필(남성의 경우)• 신입 : AI 관련 학과 대학원 졸 이상• 경력 : 프로그래밍 관련 학과 대학교 졸업 및 AI 경력 1년 이상(대학원 AI 전공자의 경우 AI 경력 2년 인정),"• 전기/전자공학, 컴퓨터/시스템 공학, 수학/통계학 전공자• 통계 분석 능숙자, 컴퓨터 활용 능력 우수","• 출퇴근 시간 자율 근무제• 자유 복장 및 자유로운 연차 사용 가능• 휴게실 제공• 스톡옵션, 우수사원포상제, 경조사 지원 등 시행",상시,대학교졸업(4년) 이상,신입
/position/8050,"['python·', 'sql·', 'r·', 'machinelearning·', 'deeplearning']",데이터 사이언티스트 (전문연구요원),카비,3.4,• 데이터 분석을 위한 통계 / 딥러닝 / 머신러닝 모델링• 데이터 분석에 기반한 솔루션의 기대효과 예측 및 사후 성과 측정/분석• 카비의 솔루션 데이터를 활용한 Insight 생성,"• 신입 지원 가능 (전문연구요원_병역특례 지원가능)• 관련 전공  석사 졸업 이상• 데이터 및 머신러닝에 대한 수학적 이해와 통계적 지식 보유자• 머신러닝 등 최신 알고리즘을 활용한 실제 비즈니스 문제 해결 경험 보유자• SQL, Python, R 등 통계/분석 프로그램 능숙자","• 관련 학과 전공자(통계학, 전산학, 컴퓨터공학 등)• 유관업무 인턴 경험자(통계분석, 데이터마이닝 등)• 대용량, 실시간 데이터 처리 아키텍처 구축과 관련된 직/간접적인 경험 보유자","• 모든 구성원이 우수한 인재, 열정 넘치는 인재!• 지인을 추천하여 같이 으쌰으쌰 일하고 포상금도 받아요!• 업무 관련 특허등록시 포상금 지급!• 열심히 일한 장기근속자! 휴가와 포상금은 회사가 제공할게요 :-)• 일년 중 가장 행복해야할 생일 날 케이크 챙겨드려요!• 업무 집중! 일에 집중할 수 있는 근무 환경!(조심스레 회의를 요청드릴 순 있어요)• 연차 사용에 눈치 보는 곳, 아직 있나요?• Best 퍼포먼스를 보인 구성원에게 봉투와 함께 이달의 사원상을!• 목마르면 일 못하는 분들을 위해, 음료 제공!• 야근을 하시겠다면, 석식 제공해드립니다.(굳이 하시겠다면…)• Newcomer에게 장비 일체 최신형 제공!",상시,석사졸업 이상,신입
/position/4202,"['ai/인공지능·', 'machinelearning·', 'deeplearning·', 'bigdata·', 'python·', 'pytorch·', 'tensorflow']",인공지능(AI) Data Scientist 채용(박사급),마인즈앤컴퍼니,3.5,"• 최신 Deep Learning/Machine Learning 모델 개발 - 이미지, 자연어, 수치해석 등 다양한 DL/ML Modeling - 분류, 예측, 이상징후 탐지, 추천 등 다양한 영역의 AI 모델 개발 - DL/ML을 위한 데이터 수집, 정제 및 분석(로그 수준의 데이터 가공 및 분석)• 최신 AI 알고리즘 센싱 및 연구  - SOTA AI 기술 리서치 및 알고리즘 연구 - 데이터 분석 기술 및 알고리즘 고도화","• 딥러닝/머신러닝 등 AI 관련 분야 박사학위 보유자(경력 무관)• 컴퓨터 관련 전공자 수준의 프로그래밍 역량• 최신 ML 알고리즘과 딥러닝에 대한 이해, 기술을 빠르게 학습하고 구현하는 능력• 최신 논문을 이해하고 구현 할 수 있는 연구 및 개발 능력• Deep Learning framework(Tensorflow, PyTorch 등) 기반 개발 경험• 대용량의 데이터를 수집, 정제, 분석할 수 있는 역량(서류전형 합격자에 한하여 ML 모델 역량 파악을 위해 코딩테스트를 진행할 수 있음)",• AI 모델 개발 후 서비스 배포 등 상용 서비스 구현 경험• 뛰어난 의사소통 능력• 로그 수준의 대용량 데이터를 가공하여 데이터 분석/모델링까지 도출할 수 있는 전체 머신러닝 개발 프로세스 유경험자• Kaggle 등 AI 관련 Challenge 수상자,"• 업계 최고 수준 연봉(박사 신입 8,000만원 이상)• 성과 평가에 따른 인센티브 제공• 3/6/9년차 장기 근속시 Refresh 휴가• 오피스 점심 식사 및 무한 간식 제공• 임직원 건강검진(60만원 상당 풀패키지), 단체보험 가입• 개인 맥북/GPU 서버 등 고성능 장비 지원• 외부 강의, 도서 구입 등 자기개발 지원• 명절 선물 및 경조사비/경조휴가",2022-04-30,박사졸업(졸업예정자 가능),신입
/position/4201,"['machinelearning·', 'deeplearning·', 'ai/인공지능·', 'python·', 'bigdata·', 'tensorflow·', 'pytorch']",인공지능(AI) Data Scientist 채용(전문연구요원/병역특례),마인즈앤컴퍼니,3.5,"• 최신 Deep Learning/Machine Learning 모델 개발 - 이미지, 자연어, 수치해석 등 다양한 DL/ML Modeling - 분류, 예측, 이상징후 탐지, 추천 등 다양한 영역의 AI 모델 개발 - DL/ML을 위한 데이터 수집, 정제 및 분석(로그 수준의 데이터 가공 및 분석)• 최신 AI 알고리즘 센싱 및 연구  - SOTA AI 기술 리서치 및 알고리즘 연구 - 데이터 분석 기술 및 알고리즘 고도화","• 딥러닝/머신러닝 등 AI 관련 분야 전공자 - 석사 학위 소지자 / 전문연구요원 근무 중, 전직 가능자• 컴퓨터 관련 전공자 수준의 프로그래밍 역량• 최신 ML 알고리즘과 딥러닝에 대한 이해, 기술을 빠르게 학습하고 구현하는 능력• 최신 논문을 이해하고 구현 할 수 있는 연구 및 개발 능력• Deep Learning framework(Tensorflow, PyTorch 등) 기반 개발 경험• 대용량의 데이터를 수집, 정제, 분석할 수 있는 역량(서류전형 합격자에 한하여 ML 모델 역량 파악을 위해 코딩테스트를 진행할 수 있음)",• AI 모델 개발 후 서비스 배포 등 상용 서비스 구현 경험• 뛰어난 의사소통 능력• 로그 수준의 대용량 데이터를 가공하여 데이터 분석/모델링까지 도출할 수 있는 전체 머신러닝 개발 프로세스 유경험자• Kaggle 등 AI 관련 Challenge 수상자,"• 업계 최고 수준 연봉(석사 신입 5,500만원 이상)• 성과 평가에 따른 인센티브 제공• 3/6/9년차 장기 근속시 Refresh 휴가• 오피스 점심 식사 및 무한 간식 제공• 임직원 건강검진(60만원 상당 풀패키지), 단체보험 가입• 개인 맥북/GPU 서버 등 고성능 장비 지원• 외부 강의, 도서 구입 등 자기개발 지원• 명절 선물 및 경조사비/경조휴가",2022-04-30,석사졸업 이상,신입
/position/7709,"['python·', 'c·', 'c++·', 'linux·', 'git·', 'machinelearning·', 'docker·', 'vim·', 'deeplearning·', 'ros']",[신입] 자율주행 인지 - 딥러닝/영상처리,에이스랩,2.0,"• 딥러닝을 이용한 Vision 알고리즘 개발    - 주변 물체 (차선, 차량, 보행자 등) 인식 알고리즘 개발    - 물체 Depth 추정 알고리즘 개발","•  학사 혹은 상응하는 지식    - 자동차공학, 기계공학, 로보틱스, 컴퓨터 공학 전공•  C++ 및 Python 프로그래밍 능력•  Linux 상 프로그램 개발 능력•  ROS에 대한 이해",• 자율주행시스템의 전반적인 구조에 대한 이해• Git 등의 협업 툴 사용 경험• Open source 딥러닝 모델 활용 경험• 딥러닝을 이용한 영상처리 프로세스에 대한 이해,"개발에만 몰두하도록 돕는 업무 환경 • 자율 복장• 역삼-선릉 도보 5분• 주5일 유연근로제 • 최고사양 장비 지원 일하는 것만큼 중요한 쉼• 라운지와 작은 카페 운영• 고급 원두커피(스벅, 폴바셋)와 과자, 음료수 등 간식 무제한 제공• 자유로운 연차 사용• 5년 근속 시 3주의 refresh 휴가함께 자라는 회사와 팀원• 개인의 성장을 위한 업무 교육과 세미나, 도서 지원• 스터디, 세미나를 위한 라운지와 스터디룸 지원• 신입 엔지니어 멘토링 제도 운영회사 밖 삶을 지원하는 에이스랩• 명절/생일에 선물 지급• 매년 건강검진 지원• 경조사 지원 (휴가, 화환, 경조금)",2022-04-15,대학교졸업(4년) 이상,신입
/position/5986,"['deeplearning·', 'machinelearning·', 'ai/인공지능']",ML Research Scientist/Engineer,알세미,0.0,"• 반도체 소자(Transistor) Regression 모델 개발• Limited data 환경에서 knowledge transfer, Generalization 문제 연구• 반도체 Domain knowledge를 모델에 inductive bias로 내재화 (반도체 전문 Team과 협업)",• AI 관련 학위 소유 혹은 이에 준하는 역량 보유자• 연구수행 및 기술 논문 작성 경험,"• AI 관련 학회 논문 저자• 최신 AI 논문을 이해하고 구현할 수 있는 능력• 자기주도적 연구 수행 경험[관심분야]• Deep learning theory, Meta learning, Multi-task learning, Loss Landscape, Symbolic regression, Bayesian Inference, Physics-based neural network, AutoML[제출서류]• 필수: CV, 이력서, 자기소개서• 선택: 포트폴리오[포트폴리오]• 형식: pdf, github 등 자유형식• 필수요소: 본인이 참여한 주요 프로젝트들의 목록/기간, 사용 플랫폼과 언어, 핵심 아이디어 요약, 구체적인 역할과 기여 명시[채용 프로세스]서류 전형 > 1차 인터뷰 > 2차 인터뷰 > 최종합격** 포지션의 특성에 따라 인터뷰 순서가 변동/추가/생략 될 수 있습니다.","[능력 100% 발휘할 수 있는 알세미의 업무환경]▶ 최고수준의 연구원들, 가장 훌륭한 팀원들과 함께 시너지를 만들어가고 있습니다!▶ 함께 성장합니다! 본인 필요에 따라 각종 교육/도서 지원▶ 분기별 팀 활동비 지급! 티타임, 팀 액티비티 등 팀웍을 끌어올리세요!▶ 집중력이 떨어질 땐.. 라운지 공간 자유롭게 이용~ 쉬면서 일해요 :)[나의 삶을 응원하는 알세미의 Work-Life Balance]▶ 자율출퇴근! 한달 기준으로 근무시간만 채우면 되고 당연히 재택근무 노터치 노상관! (코어타임 10:30 ~ 15:30)▶ 쉬어야 더 잘 일한다! 기본 연차 받고 특별 휴가 4일 더!▶ 출산휴가, 배우자 출산휴가 및 다양한 경조휴가(+경조금) 제공!▶ 함께 건강합시다! 코로나19에 따른 백신휴가 1+1일![먹는 것이 가장 소중합니다]▶ 밥은 든든하게! 점심/저녁 식비 제공!▶ 과자/커피/음료 무제한 제공▶ 옆 골목엔 선릉역 먹자골목이![역세권? 여기서는 알-세-권]▶ 선릉역 1번출구에서 도보 3분 거리!▶ 도심 속 자연과 함께! 선정릉 관람권 제공!",2022-05-05,대학교졸업(4년) 이상(졸업예정자 가능),신입
/position/7422,"['deeplearning·', 'machinelearning·', 'ai/인공지능']",[전문연구요원] ML Research Scientist/Engineer,알세미,0.0,"• 반도체 소자(Transistor) Regression 모델 개발• Limited data 환경에서 Knowledge transfer, Generalization 문제 연구• 반도체 Domain knowledge를 모델에 Inductive bias로 내재화(반도체 전문 Team과 협업)",[전문연구요원] • AI 관련 학위 소유 혹은 이에 준하는 역량 보유자• 연구수행 및 기술 논문 작성 경험,"• AI 관련 학회 논문 저자• 최신 AI 논문을 이해하고 구현할 수 있는 능력• 자기주도적 연구 수행 경험[관심분야]• Deep learning theory, Meta learning, Multi-task learning, Loss Landscape, Symbolic regression, Bayesian Inference, Physics-based neural network, AutoML","[능력 100% 발휘할 수 있는 알세미의 업무환경]• 최고수준의 연구원들, 가장 훌륭한 팀원들과 함께 시너지를 만들어가고 있습니다!• 함께 성장합니다! 본인 필요에 따라 각종 교육/도서 지원• 분기별 팀 활동비 지급! 티타임, 팀 액티비티 등 팀웍을 끌어올리세요!• 집중력이 떨어질 땐.. 라운지 공간 자유롭게 이용~ 쉬면서 일해요 :)[나의 삶을 응원하는 알세미의 Work-Life Balance]• 자율출퇴근! 한달 기준으로 근무시간만 채우면 되고 당연히 재택근무 노터치 노상관! (코어타임 10:30 ~ 15:30)• 쉬어야 더 잘 일한다! 기본 연차 받고 특별 휴가 4일 더!• 출산휴가, 배우자 출산휴가 및 다양한 경조휴가(+경조금) 제공!• 함께 건강합시다! 코로나19에 따른 백신휴가 1+1일![먹는 것이 가장 소중합니다]• 밥은 든든하게! 점심/저녁 식비 제공!• 과자/커피/음료 무제한 제공• 옆 골목엔 선릉역 먹자골목이![역세권? 여기서는 알-세-권]• 선릉역 1번출구에서 도보 3분 거리!• 도심 속 자연과 함께! 선정릉 관람권 제공!",2022-05-05,석사졸업 이상,신입
/position/8009,"['tensorflow·', 'python·', 'ai/인공지능·', 'deeplearning·', 'machinelearning']",AI(딥러닝) 연구 및 개발,안티그래비티,정보없음,• 스캔 및 사진 데이터를 활용하여 사이즈 측정 알고리즘 개발,• 관련학과 석사 (이상)• 동시 위치인식 및 지도작성(SLAM) 분석 및 모델링 경험이 있으신 분• 공개된 Model을 API 시스템으로 구축한 경험이 있으신 분• 공개 Model보다 좋은 고유 Model 학습하시는 분• 딥러닝/머신러닝 기술을 통해 지능화된 고객서비스 개발 경험이 있으신 분,• 관련 실무 경력 1년 이상이신 분(신입가능),"안티그래비티는 직원들이 성장하며 일할 수 있는 환경을 만들기 위해 노력하고 있어요 : )[업무환경]• 수평적 관계 지향 (전 직원 영어 이름 사용)• 유연근무제 (8~10시 사이 자유롭게 출근, 8시간 근무 후 눈치 안보고 퇴근)• 무려 1시간30분 점심시간 (성수동 맛집 탐방 가능)• 묻지도 따지지도 않는 반차/연차 사용이 가능• 성과에 따라 스톱옵션 지급• 여름 및 겨울 휴가 제공 (연월차 별도)• 생일 선물 제공 (소중한 우리 직원을 위한 조기퇴근 및 기프티콘)• 명절 선물 지급 / 경조사 지원• 초기 멤버인 만큼 스스로 혜택과 문화를 만들어 가실 수 있는 자율성을 보장[근무환경]• 중식비 지원 (연봉에 미포함)• 업무 특성에 최적화된 하이퀄리티 장비/라이센스 지원• 8시간 앉아도 편안한 시디즈 의자 제공• 야근 식대 및 교통비 (거의 쓸일 없음)• 1 / 3 / 5/ 7년 장기근속자 휴가 및 지원금 제도[자기계발]• 도서, 강의, 세미나 및 컨퍼런스 참가비 지원• 사내 스터디 지원[친목 및 교류]• 왜곡된 회식문화, 음주문화 일절 없음• 놀기 위한 워크샵 연 1회 진행(해외/국내)",2022-04-15,석사졸업 이상,신입
/position/7557,"['c·', 'c++·', 'linux·', 'android', 'os·', 'pytorch·', 'tensorflow·', 'ai/인공지능']",[신입/경력] Deep Learning Researcher(메타버스 아바타 생성),알체라,3.3,"• 메타버스에 관련된 AI 기술과 아바타 생성 기술에 대해 연구하고 있습니다.• SDK 개발 조직과의 커뮤니케이션을 통해 AI 엔진을 고도화하고 있습니다.• 메타버스 관련 기술에 대한 AI모델을 경량화 하는 연구를 하고 있습니다. • 다양한 사물을 표현하기 위한 2D, 3D 모델 생성을 위한 기술 개발 및 연구를 하고 있습니다.","• 학력 : 4년제 대졸 이상(석사 이상 우대)• 전공 : 컴퓨터 공학 (Computer Engineering & Computer Science계열) 및 인접 학과(전기전자, 수학 등)• 경력 : 신입 또는 Computer Vision Deep Learning 경력 보유자            (병역특례 보충역 혹은 전직 지원 가능)• 경험 1) 표준함수와 S/W 인터페이스(C,C++, 크로스플랫폼_Linux, Android) 설계능력을 보유하신 분  2) 딥러닝 관련 framework(pytorch, tensorflow, mxnet) 관련 프로젝트 경험이 있으시고 오픈소스 Library를 경험해보신 분  3) Linux 계열 OS에서 개발이 가능하신 분  4) 영상처리와 컴퓨터비전에 대한 이해를 가지고 계신 분  5) 영상기반 AI 관련 SOTA 논문을 이해하고 구현하실 수 있으신 분","• 생성모델(GAN) 관련 연구 및 개발 경험이 있으신 분 • 3D Reconstruction 관련 연구 및 개발 경험이 있으신 분 • Face, Body 관련 연구 및 개발 경험이 있으신 분• 해외 유명 학회(CVPR, ICCV, ECCV ..등) 논문 게재에 참여하신 분■ 채용절차• 서류전형 - Job fit Interview & Technical Interview(Coding Test or PT) - Culture fit Interview - 처우협의 - 건강검진 - 최종합격  (필요 시, 추가 전형이 진행될 수 있습니다.)■ 안내사항 • 전형 절차는 일정 및 상황에 따라 변동될 수 있습니다.• 진행 일정은 확정되는 대로 지원자분들에게 개별 안내 예정입니다.• 본 채용은 모집 기간 내에 인재 선발 완료 시 공고가 마감될 수 있습니다.• 지원서 내용 중 허위 사실이 있는 경우에는 합격이 취소될 수 있습니다.","■ 알체라와 함께 하신다면?• No.1 Visual AI 기업 알체라에서 AI Specialist로서의 커리어를 만들어보세요. 국내 1위를 넘어 글로벌 AI 시장으로 확대해 나가는 성장의 여정을 함께 하세요.• 알체라에는 직함이 없어요. 서로를 ‘님’으로 부르고, 존중하는 수평적인 조직문화를 가지고 누려보세요.• 알체라는 선택적 근로시간제를 운영하고 있어요! 업무에 대한 책임감을 바탕으로 가장 효율적으로 일할 수 있는 시간을 정하고 있어요.• 최고급 사양의 컴퓨터, 전 좌석 Standing Desk 등을 비롯해 총 21가지 복지혜택을 누려보세요.■ 알체라를 더 알고 싶다면? • Alchera Homepage (https://alchera.ai/)• Alchera Youtube (https://www.youtube.com/channel/UC5xYRGgq2dMEjwO-TJDf2Hw)• Alchera Blog (https://medium.com/dreamtime-alchera-inc/tagged/korean)• Alchera Facebook (https://www.facebook.com/alcherainc)",상시,대학교졸업(4년) 이상,신입
/position/2555,"['ai/인공지능·', 'python·', 'pytorch·', 'tensorflow·', 'deeplearning']",AIDOT 의료 인공지능 기반 의료영상 분석 연구개발 채용,아이도트,4.3,"• 인공지능 기반 의료 영상 분석, 딥러닝 알고리즘 연구 개발","[공통 자격요건]• 학력 : 대졸(4년제) 이상• 나이/성별 : 무관• 경력 : 신입, 경력 3년↓[필수요건]• Python• PyTorch 또는(그리고) TensorFlow• 이미지 처리 및 인공지능 프로젝트 수행 경험• 포트폴리오 제출• 공학계열","• 전자/전기공학, 컴퓨터/시스템공학 전공자• 머신/딥러닝 및 영상 관련 석사 이상 학위자• 의료 인공지능 개발 경험• 팀워크 & 자율적 업무 수행 능력 ","[근무형태] 정규직 (수습3개월, 수습 중 급여 100%)[전부서 공통] 내년 상장 예정, 전직원 스톡옵션 부여의 혜택 [복리후생]• 입사 시 스톡옵션 부여• 경조휴가 및 경조금 지급• 점심식사 및 야근석식 제공• 탕비실 간식바 제공• 업무관련 교육 지원• 헬스비 일부지원• 입사자 선물 제공",2022-04-30,대학교졸업(4년) 이상,신입
/position/7890,"['tensorflow·', 'pytorch·', 'python·', 'numpy·', 'pandas·', 'machinelearning·', 'ai/인공지능·', 'linux·', 'git·', 'jira']",ML Engineer (머신러닝 엔지니어),엔도아이,5.0,"우리는 지원자님께서 합류 후 이런 업무를 맡아주시기를 기대합니다.• 머신러닝 자동화 Platform, 모델 서빙 시스템 설계/구현• 신규 AI Operating System을 위한 데이터 / 머신러닝 파이프라인 설계 및 구축• 모델 Inference에 필요한 고도화된 Feature Engineering MicroService 설계 및 구축• 모델 평가, 모델 재학습, 모델 서빙, 모니터링 MicroService 설계 및 구축• AutoML 연구 및 개발","이런 분을 찾고 있어요.• Python 기반의 머신러닝, 딥러닝 분야 연구, 모델링 경력 능력을 갖추신 분• Python 등의 프로그래밍 언어를 능숙히 활용 가능하신 분• 데이터 사이언스 관련 Framework (Tensorflow, Pythorch, Numpy, Pandas 등) 사용에 능숙하신 분• Linux 환경에 대한 이해를 갖추신 분• 모델링 분석에 필요한 기초 통계 지식을 보유하신 분• 머신러닝 이론, 확률과 통계에 대한 폭 넓은 지식을 가지신 분• 알고리즘, 자료구조, 네트워크에 대한 이해와 지식을 갖추신 분• Git, Jira 등 버전관리시스템과 협업에 능숙하신 분• 컴퓨터 비전 의료 분야에 흥미를 가지고 계신 분","이런 경험이나 성향/역량을 가진 분이시면 더욱 좋을 것 같아요.• 컴퓨터공학, 인공지능 관련 분야 학위가 있으신 분(석/박사 우대)• Kubeflow 등을 이용한 MLOps 파이프라인 설계, 구축, 운영 경험이 있으신 분• 최신의 인공지능 모델을 이해하고 연구, 개발, 개선할 수 있는 능력이 있으신 분• AWS, GCP와 같은 클라우드 플랫폼에서 머신러닝, 데이터 엔지니어링을 해 본 경험이 있으신 분• 최신의 딥러닝 기반 시계열 알고리즘에 대한 이해와 지식을 갖추신 분• DevOps에 대한 이해와 지식을 갖추신 분• 항상 최신 기술 트렌드에 관심을 갖고 비즈니스의 방향과 맞게 접목할 수 있는 능력을 갖추신 분","저희와 함께할 동료들을 위해 다양한 베네핏을 준비했습니다.• 차세대 AI 헬스케어 시장을 리드할 최고의 동료• 업무에만 집중할 수 있는 여건  - 유연출퇴근제 진행  - 자유복장  - 업무용 디바이스 지원  - 새롭게 합류하실 동료를 위한 다양한 물품 지원  - 야근식대 및 법인택시 지원  - 각종 경조사비 지급• 성과 기반의 보상패키지 제공  - 입사시 역량에 따른 연봉 설정  - 역량과 성과 중심의 보상 체계• 자기계발 지원  - 각종 Conference 참가 기회  - 자기계발을 위한 교육비 지원  - 업무관련 도서구매비용 지원• 업무에만 오롯이 집중할 수 있는 사무공간  - 신분당선 도보 1분 거리의 초역세권 단독 사옥  - 24시간 산소가 발생하는 사무실  - 별도 층의 휴게 공간  - 고급 원두와 커피머신 제공  - 스낵코너 운영연차휴가, 산전 후 휴가, 육아휴직 등 법적사항들은 당연히 기본적으로 보장하고 있으며, 이외에도 동료들을 위한 다양한 복지제도를 끊임 없이 기획 중입니다.",상시,대학교졸업(4년) 이상(졸업예정자 가능),신입
/position/6533,"['python·', 'tensorflow·', 'hadoop·', 'spark·', 'aws·', 'pytorch·', 'machinelearning']",머신러닝 엔지니어(디파이너리),아이지에이웍스,2.6,"• 실제 유저들의 행동 모델과 제품 분석은 위한 머신러닝, 데이터 마이닝 알고리즘 개발• 유저 이벤트 시계열 데이터, 정제되지 않은 텍스트 데이터, Knowledge Graph 등을 포함한 서로 상이한 데이터 셋을 활용한 패턴 분석 알고리즘 개발• AWS 클라우드의 분산처리 시스템을 활용한 자동화 시스템 개발• 다양한 엔지니어링 팀과의 협업을 통한 서비스 개발",• 다양한 머신러닝 알고리즘과 모델에 대한 깊은 흥미와 이해• 머신러닝을 활용해 실제 비즈니스 문제를 해결해 본 경험• 능숙한 Python Language 활용 능력• Tensorflow / Pytorch 중 한가지 이상을 능숙하게 활용 가능,"• 수학, 통계, 엔지니어링 전공 MS or PH.D• 머신러닝, 인공지능, 데이터 마이닝, 자연어 처리 프로젝트 경험• AWS 활용 능력• Spark, Hadoop 활용한 분산처리 시스템 구축 경험","• 전 개발직군 신입초봉 5천만원으로 시작• 업무에만 집중할 수 있도록 최고급 장비 및 소프트웨어 지원• 유연한 근무를 위한 자율 시차출퇴근제 운영• 청년 입사자를 위한 특별한 혜택, 청년내일채움공제 가입 가능• 직원들의 건강을 책임지는 최고급 정밀건강검진 지원• 경조사도 함께 나누는 기념일 조기퇴근 및 경조사비 지원• 누구나 사용할 수 있는 매월 1회 지연출근 혹은 조기퇴근 제도 운영• 성과에 따른 합당한 보상과 인센티브 제도 운영• 오랫동안 함께해 준 직원들에게 특별 휴가와 지원금 제공 • 합정역과 바로 연결 & 한강이 한 눈에 보이는 전망 좋은 쾌적한 사무실• 동료와 함께하는 시간을 지원하는 동호회 운영 및 국내외 워크샵 지원• 먹고 싶은 음료, 커피, 토스트 무제한 제공• 업무에만 집중할 수 있도록 최고급 장비 및 소프트웨어 지원• 직원들의 성장을 독려하는 도서 구입비 무제한 지원• 늦은 시간까지 고생하는 직원을 위한 식대 및 택시비 지원• 마음까지 따뜻해지는 명절 상품권(설날/추석) 전직원 지급",2022-04-29,무관,신입
/position/3908,"['python·', 'pytorch·', 'docker·', 'machinelearning']",머신러닝 엔지니어,리플에이아이,0.0,"[데이터 전처리]• 대량의 데이터를 효과적으로 정제하는 로직 구현• 훈련, 테스트 데이터 구성 및 DataLoader 작성[모델 구현 및 학습]• Pytorch로 최신 논문의 내용을 구현및 다양한 방향으로 후속 실험• 사내 훈련된 기존 모델의 성능 개선[MLOps 파이프라인 관리]• ML 파이프라인(데이터 전처리, 학습, 실험 파이프라인) 최적화• 데이터셋을 잘 관리하고 각 학습 실험 결과를 쉽게 기록하고 비교[모델 추론 서버 구축]• 학습시킨 모델을 효율적으로 서빙할 수 있는 모델 추론 서버를 구축","• 컴퓨터 공학, 머신러닝 관련 분야 석/박사 혹은 그에 준하는 경험이 있으신 분• PyTorch를 이용한 ML 프로젝트 개발 경험이 있으신 분• OS, Network를 중심으로 컴퓨터공학에 대한 기본 지식이 탄탄하신 분• Docker, Kubernetes 등 Container 기술을 활용한 경험이 있으신 분• 머신러닝 파이프라인 구축 경험이 있으신 분• 논문을 읽고 구현한 경험이 있으신 분","• ML 관련 Top-tier 학회 및 저널 Publication 실적이 있으신 분  -- (ML 전반) NeurIPS, ICML, ICLR, AAAI, IJCAI  -- (NLP 전반) ACL, EMNLP, NAACL  -- (Computer Vision 전반) CVPR, ICCV, ECCV  -- (Data Mining) KDD 등• AI 관련 Challenge 수상 실적 (Kaggle, Hackathon 등)이 있으신 분• Open Source Contribution 경험이 있으신 분• 자연어/대화/음성/이미지 모델링 경험이 있으신 분","✨ 균형잡힌 워라벨• 주 30시간 근무를 약속합니다. • 집, 사무실, 카페, No matter! 내가 일하고 싶은 곳에서 일합니다. 🍱 식대 및 복지포인트 제공- 매월 30만원의 네이버페이포인트를 제공합니다📝서울대 시각및학습연구실 랩세미나(주1회) 참여 기회- 서울대 연구생들과 함께 최신 머신러닝 연구 동향을 공유하고 학습할 수 있습니다🎂 생일반차- 생일 당일 여유로운 오후 시간을 보내세요💻 개인 노트북, 모니터 등 지원- 개개인의 직무에 맞춘 스펙의 장비를 구입해드립니다🎯 자기계발비 지원- 업무 역량 향상에 도움 될 도서, 유료 온라인 강의, 세미나 참가비 등을 한도 없이 지원합니다🍫 사무실 내 커피, 간식 무한 제공- 커피 수혈+당 수혈 마르지 않게 지원해드립니다🙋인재추천 보상 인센티브- 추천한 인재가 정규직 채용 및 6개월 근속시 추천인에게 최소 200만원 이상 인센티브를 지급합니다🎫 (청년/재직자)내일채움공제 지원- 가입을 원하시는 분은 누구나 가입 가능하고 기업부담금을 월 20만원씩 적립해드립니다💰 인센티브 제도- 프로젝트 완수시 보상으로 성과 및 기여도에 따라 인센티브를 지급합니다🏕️근로자휴가지원사업- 한국관광공사에서 운영하는 근로자휴가지원사업의 기업부담금 10만원을 지원합니다🏖️ 자유로운 연/반차 사용- 승인 절차 없이 언제든지 자유롭게 신청하여 사용합니다",상시,대학교졸업(4년) 이상(졸업예정자 가능),신입
/position/7779,"['c·', 'c++·', 'machinelearning·', 'deeplearning·', 'sw']",[전문연구요원] 영상인식 엔지니어,카비,3.4,• ADAS 알고리즘 분석 및 설계• Deep Learning/Machine Learning 기반 영상인식 알고리즘 개발,• 소프트웨어 관련 전공자로 석사학위 이상 소지자• C/C++ 언어 능숙자,"• 영상처리 관련 Library 경험자• ADAS 분야 연구개발 경험자• 머신러닝, 딥러닝 관련 프로젝트 경험자","• 모든 구성원이 우수한 인재, 열정 넘치는 인재!• 지인을 추천하여 같이 으쌰으쌰 일하고 포상금도 받아요!• 업무 관련 특허등록시 포상금 지급!• 열심히 일한 장기근속자! 휴가와 포상금은 회사가 제공할게요 :-)• 일년 중 가장 행복해야할 생일 날 케이크 챙겨드려요!• 업무 집중! 일에 집중할 수 있는 근무 환경!(조심스레 회의를 요청드릴 순 있어요)• 연차 사용에 눈치 보는 곳, 아직 있나요?• Best 퍼포먼스를 보인 구성원에게 봉투와 함께 이달의 사원상을!• 목마르면 일 못하는 분들을 위해, 음료 제공!• 야근을 하시겠다면, 석식 제공해드립니다.(굳이 하시겠다면…)• Newcomer에게 장비 일체 최신형 제공!",상시,석사졸업 이상,신입
/position/7556,"['c·', 'c++·', 'linux·', 'android', 'os·', 'opencv·', 'python·', 'r·', 'sw']",[신입/경력] Deep Learning Researcher(얼굴인식),알체라,3.3,"• 얼굴 검출, 인식, RGD/IR liveness 등 얼굴과 관련된 데이터를 분석하고 연구개발하고 있습니다.• 얼굴인식 모델 성능을 고도화하고 학습 시 발생하는 문제를 파악하고 해결하고 있습니다.• 분류되어 있지 않은 얼굴 데이터를 활용할 수 있는 방법을 연구하고 있습니다. • 가상 안면 생성 기술을 연구개발하고, 이미지 데이터 클러스터링과 분류 혹은 학습 자동화와 관련된 업무를 수행하고 있습니다.• 입력 이미지의 아이디를 보존하면서 다양한 환경에서의 얼굴 생성 기술을 개발하고 앙상블 모델이나 기존 모델을 활용해 얼굴 엔진 성능향상 기법을 연구합니다. • 적용할 framework 및 시스템에 모델을 최적화하고 포팅하는 업무를 수행합니다.• 얼굴 인식 모델의 정확도를 향상시키기 위해 다양한 실험을 수행합니다.","• 학력 : 4년제 대졸 이상(석사 이상 우대)• 전공 : 컴퓨터 공학 (Computer Engineering & Computer Science계열) 및 인접 학과(전기전자, 수학 등)• 경력 : 신입 또는 Computer Vision Deep Learning 경력 보유자            (병역특례 보충역 혹은 전직 지원 가능)• 경험 1) 표준함수와 S/W 인터페이스(C,C++, 크로스플랫폼_Linux, Android) 설계능력을 보유하신 분  2) Computer vision 관련 프로젝트 경험이 있으신 분 3) C++, 영상처리 등의 개발 경험이 있으신 분 4) Linux 계열 OS에서 개발이 가능하신 분 5) 머신 러닝 관련 지식을 가지고 계신 분 6) OpenCV 또는 sciskit-learn을 사용한 프로젝트 경험이 있으신 분","• 영상 등 다양한 데이터를 많이 다뤄 보신 분• Mobile/Embedded 앱을 개발해보신 분• GAN 등의 Generative Model을 이용하여 개발을 해보신 분• 영상기반 AI 관련 SOTA 논문을 이해하고 구현하실 수 있는 분• 분산 시스템 혹은 대용량 데이터를 처리를 경험해보신 분• 비지도/준지도 학습 관련 논문을 작성해보신 분• Pytoch, R 혹은 scikit-learn 관련 package를 사용해보신 분• 전공지식에 대한 이해도가 높고, 문제해결에 대한 유연성을 갖고 계신 분• 팀 협업이 좋고, 조직원 들과의 커뮤니케이션이 원활하신 분• 업무에 대한 추진력이 좋고, 연구에 대한 열정이 있으신 분■ 채용절차• 서류전형 - Job fit Interview & Technical Interview(Coding Test or PT) - Culture fit Interview - 처우협의 - 건강검진 - 최종합격  (필요 시, 추가 전형이 진행될 수 있습니다.)■ 안내사항 • 전형 절차는 일정 및 상황에 따라 변동될 수 있습니다.• 진행 일정은 확정되는 대로 지원자분들에게 개별 안내 예정입니다.• 본 채용은 모집 기간 내에 인재 선발 완료 시 공고가 마감될 수 있습니다.• 지원서 내용 중 허위 사실이 있는 경우에는 합격이 취소될 수 있습니다.","■ 알체라와 함께 하신다면?• No.1 Visual AI 기업 알체라에서 AI Specialist로서의 커리어를 만들어보세요. 국내 1위를 넘어 글로벌 AI 시장으로 확대해 나가는 성장의 여정을 함께 하세요.• 알체라에는 직함이 없어요. 서로를 ‘님’으로 부르고, 존중하는 수평적인 조직문화를 가지고 누려보세요.• 알체라는 선택적 근로시간제를 운영하고 있어요! 업무에 대한 책임감을 바탕으로 가장 효율적으로 일할 수 있는 시간을 정하고 있어요.• 최고급 사양의 컴퓨터, 전 좌석 Standing Desk 등을 비롯해 총 21가지 복지혜택을 누려보세요.■ 알체라를 더 알고 싶다면? • Alchera Homepage (https://alchera.ai/)• Alchera Youtube (https://www.youtube.com/channel/UC5xYRGgq2dMEjwO-TJDf2Hw)• Alchera Blog (https://medium.com/dreamtime-alchera-inc/tagged/korean)• Alchera Facebook (https://www.facebook.com/alcherainc)",상시,대학교졸업(4년) 이상,신입
/position/7555,"['c·', 'c++·', 'linux·', 'android', 'os·', 'deeplearning·', 'ai/인공지능']",[신입/경력] Deep Learning Researcher(이상상황감지),알체라,3.3,"• 산불, 화재 감지를 연구하며, 다양한 환경의 CCTV영상 데이터를 분석해 최고 성능의 AI 모델을 만들고 있습니다.• 산불의 연기, 불꽃 데이터를 합성하고 생성하며, 주간은 물론 야간 IR 모드에서의 산불/화재 검출 모델을 개발하고 있습니다.• 모델 추론 결과를 기반으로 active learning에 대한 연구와 개발을 하고 있습니다.","• 학력 : 4년제 대졸 이상(석사 이상 우대)• 전공 : 컴퓨터 공학 (Computer Engineering & Computer Science계열) 및 인접 학과(전기전자, 수학 등)• 경력 : 신입 또는 Computer Vision Deep Learning 경력 보유자            (병역특례 보충역 혹은 전직 지원 가능)• 경험 1) 표준함수와 S/W 인터페이스(C,C++, 크로스플랫폼, Linux, Android) 설계능력을 보유하신 분  2) Computer vision 및 Object Detection in video 연구/개발 경험이 있으신 분 3) C++, 영상처리 등의 개발 경험이 있으신 분 4) GAN등의 Generative model 연구 개발 경험이 있으신 분 5) 딥러닝 기본지식과 개발 경험을 가지고 계신 분","• 영상 등 다양한 데이터를 다뤄 보고 불균형 데이터를 분석할 수 있으신 분• 전공지식에 대한 이해도가 높고, 문제해결에 대한 유연성을 갖고 계신 분• 팀 협업이 좋고, 조직원 들과의 커뮤니케이션이 원활하신 분• 업무에 대한 추진력이 좋고, 연구에 대한 열정이 있으신 분• 연기, 불꽃 영상 합성 연구 개발 경험이 있으신 분• Active Learning, Continual Learning 연구/개발 경험을 가지고 계신 분■ 채용절차• 서류전형 - Job fit Interview & Technical Interview(Coding Test or PT) - Culture fit Interview - 처우협의 - 건강검진 - 최종합격  (필요 시, 추가 전형이 진행될 수 있습니다.)■ 안내사항 • 전형 절차는 일정 및 상황에 따라 변동될 수 있습니다.• 진행 일정은 확정되는 대로 지원자분들에게 개별 안내 예정입니다.• 본 채용은 모집 기간 내에 인재 선발 완료 시 공고가 마감될 수 있습니다.• 지원서 내용 중 허위 사실이 있는 경우에는 합격이 취소될 수 있습니다.","■ 알체라와 함께 하신다면?• No.1 Visual AI 기업 알체라에서 AI Specialist로서의 커리어를 만들어보세요. 국내 1위를 넘어 글로벌 AI 시장으로 확대해 나가는 성장의 여정을 함께 하세요.• 알체라에는 직함이 없어요. 서로를 ‘님’으로 부르고, 존중하는 수평적인 조직문화를 가지고 누려보세요.• 알체라는 선택적 근로시간제를 운영하고 있어요! 업무에 대한 책임감을 바탕으로 가장 효율적으로 일할 수 있는 시간을 정하고 있어요.• 최고급 사양의 컴퓨터, 전 좌석 Standing Desk 등을 비롯해 총 21가지 복지혜택을 누려보세요.■ 알체라를 더 알고 싶다면? • Alchera Homepage (https://alchera.ai/)• Alchera Youtube (https://www.youtube.com/channel/UC5xYRGgq2dMEjwO-TJDf2Hw)• Alchera Blog (https://medium.com/dreamtime-alchera-inc/tagged/korean)• Alchera Facebook (https://www.facebook.com/alcherainc)",상시,대학교졸업(4년) 이상,신입
/position/7808,"['django·', 'python·', 'matlab·', 'machinelearning']",데이터분석엔지니어(알고리즘 개발),오비이랩,3.1,• fNIRS 데이터 기반 최신 알고리즘 개발 및 적용• fNIRS 데이터 분석을 위한 자체 분석툴 고도화• fNIRS 데이터 기반 신호처리 자동화 알고리즘 개발,• 석/박사 이상• Matlab/Python을 이용한 시계열 데이터 분석 경험 (생체 신호 우대)• 논문을 바탕으로 한 선행 알고리즘 실제 구현 경험• 해당 알고리즘 validation을 통한 응용 경험,"• 실무 경험자 우대• 의공학과, 컴퓨터 사이언스 전공자• fNIRS, EEG, ECG와 같은 생체신호 처리 분석 경력자• Multivariate methods(PCA,ICA,Factor analysis 등) 활용 경험• Machine learning classification 활용 경험 우대(개발 경험 없어도 무관)• 통계 관련 지식 보유자• 신규 알고리즘 도입에 적극성, 검증에 있어서 치밀함을 보유한 자• 면접 시, 연구수행한 프로젝트 결과 기반으로 진행 (포트폴리오 제출 필수)","• 자율출근제 시행(08:00~10:30 출근)• 매월 마지막주 금요일 4시 퇴근• 항상 열린 Incentive Trip 기회• 종합건강검진 제공• 업무관련 교육 및 도서 구매 지원• 5년 근무 시 휴가 및 100만원 지원• 명절(설,추석) 선물 지급• 매월 팀 회식비 지원• 매년 복지카드 지급",상시,석사졸업 이상,신입
/position/4227,"['machinelearning·', 'aws']",머신러닝 소프트웨어 엔지니어,피플펀드컴퍼니,3.8,• 고객에게 혁신적인 금융상품을 제공할 수 있는 적합한 모델을 실험하고 고도화해요.• 금융 데이터를 활용한 설계를 하고 가공해요.,• ML 및 인접 분야 석사학위 이상 소지 혹은 그에 상응하는 실무경력을 보유하신 분• 금융 분야 및 ML 논문 이해에 어려움이 없는 어학능력을 보유하신 분• 논문을 빠르게 구현하여 검증할 수 있는 능력이 있으신 분,"• 빅데이터 파이프라인 (마이닝, 클리닝, 웨어하우싱) 구성에 능숙하신 분• 풍부한 프로그래밍 경험이 있으신 분• 하고 싶은 일이 있으면, 도전도 좌절도 마다하지 않는 분","• 자유롭게 의견을 내고 피드백을 받을 수 있는 수평적인 문화• 나보다 뛰어난 동료와 함께 의지하고, 배우고, 격려하며 같이 성장하는 문화• 내가 고민한 작은 아이디어를 빠르게 실행하고 결과를 확인할 수 있는 문화• 2호선 강남역에서 단 5분 거리, 뷰가 끝내주는 사무실• 사내 다양한 분야 전문가들의 재능기부 Lecture • 개인의 성장은 언제든 환영! 무제한 도서 구매 지원• 피플러의 건강이 최우선! 건강검진 지원• 축하 받아 마땅한 당신! 연차 소진 없는 생일 오후 반차• 피플러는 우리 가족! 결혼 2주 유급휴가, 축하금 100만원 등 경조사 지원 • 걱정하지마세요! 본인 및 배우자 임신, 출산시 재택근무/단축근무 가능",상시,"대학졸업(2,3년) 이상",신입
/position/5422,"['python·', 'tensorflow·', 'pytorch·', 'machinelearning·', 'ai/인공지능·', 'django']",머신러닝/딥러닝 엔지니어 모집,브리치,2.6,"• AI 모델 개발, 고도화 및 API Serving• 데이터 분석을 통한 insight 제공• 추천시스템 연구 및 개발• 정부과제 수행 및 기반 기술을 이용한 서비스 개발","• Python 언어 사용 능숙• 딥러닝 프레임워크(Pytorch, Tensorflow) 활용 경험• AI 프로젝트 및 데이터 분석 수행 경험• Django REST Framework 등 API Serving 경험• 추천 알고리즘 구현 경험 (Collaborative Filtering, Contents-Based Filtering, 그래프 신경망 등)• Object Detection 경험","• 석·박사 학위 수여자• 동종 업계 경력자• Django REST Framework, FASTAPI 등 API Server 제작 및 Serving 경험• ML/AI 관련 정부 과제 수행 경험• GNN, 추천시스템 구현 경험• 논문 해석 및 구현 경험• DACON, Kaggle 등 대회 참가 및 수상","[WORK]• 부서별 시차 출퇴근제• 직급별 맟춤 성장 교육• 청년 내일 채움 공제• 목표 달성 인센티브 지급• 우수 사원 포상• 개발자MAC,노트북 및 듀얼 모니터제공• 월별 회식비 지원[LIFE]• 눈치 보지 않는 자유로운 휴가 사용• 장기 근속자 포상 휴가 및 휴가비 지원• 도서 구입 지원• 브리치 쇼핑 할인권 제공• 간식 제공• 명절,기념일 선물 지급• 경조사 지원",상시,"대학졸업(2,3년) 이상(졸업예정자 가능)",신입
/position/1067,"['tensorflow·', 'scikit-learn·', 'numpy·', 'pandas·', 'sqlalchemy·', 'opencv·', 'pytest·', 'python·', 'sql']",Machine Learning Engineer 연구 인력 채용,라인웍스,1.0,"라인웍스의 Machine Learning Engineer Team은 의료 데이터를 이용한 예측 모델 연구와 이를 제품(MDwalks EXI, MDwalks CLUE)에 녹이기 위한 기술을 담당하고 있습니다.환자의 위험도 예측, 특정 질병 발병 예측, 장기 입원 예측 등 정형화된 EMR(Electronic Medical Record) 데이터를 이용한 예측 모델을 주로 만듭니다. 그 외에도, 안저, CT, 병리 등의 이미지를 이용한 예측 및 진단 모델과 Clinical Note를 이용한 자연어 처리 모델도 연구하고 있습니다. 또한, 실제 제품에 예측 모델이 포함될 수 있도록, 모델의 경량화 및 Inference 속도 개선, 설명 가능한(Explainable) AI에 대한 연구와 개발이 함께 진행되고 있습니다.라인웍스의 서비스(https://linewalks.com/service)와 연구 과제를 위해 Machine Learning Engineer는 다음과 같은 개발 스택 및 환경을 사용합니다.* ML Library: Tensorflow, Scikit-Learn, LightGBM* Package: numpy, pandas, SQLAlchemy, OpenCV, pytest* Language: Python, SQL* Github, Yona, Git[담당업무]• AI / Machine Learning 모델 개발• 의료 관련 데이터 수집 및 비정형화 데이터 전처리 및 관리",> 유관 학문 석/박사 이상의 연구 인력 우대 채용 <[자격요건]• Computer Science 관련 학과의 석/박사 학위 혹은 그에 상응하는 연구 경력• Python 기반의 머신러닝 프레임워크 사용 경험• 뛰어난 프로그래밍 능력,> 유관 학문 석/박사 이상의 연구 인력 우대 채용 <• 시계열 데이터를 기반으로한 머신러닝 모델에 대한 전문성 • 머신러닝 모델을 기반으로한 Product 개발 능력,"라인웍스 Blog: https://blog.linewalks.com/라인웍스 복지: https://www.notion.so/2c7911475d5f4afa8827a013d2f73533• 업계/타사 대비 우수한 연봉 체계라인웍스는 개인의 성장이 회사의 성장과 직결된다고 생각합니다.라인웍스에서 개인의 꿈을 이룰 수 있도록 아낌없이 지원하고 있습니다.• 책임 근무제주 5일, 주 40시간을 준수합니다. (코어 타임 : 오전 11시 ~ 오후 5시)개인의 책임 하에 근무 시간을 자율적으로 조율합니다.쉽게 말하자면,11-5시는 필히 근무하며, 나머지 시간은 개인의 판단 하에 주간 근무 시간을 달성하면 됩니다.개인에게 보다 효율적인 근무 시간을 스스로가 찾아 일 하는 환경을 제공합니다.• 자유로운 연차 제도 & Refresh Day연차 및 반차는 별도의 승인이 필요하지 않습니다.연차 및 근태 관리는 사내 Punchbox 시스템을 사용하며, 휴가는 공유 달력에 올리면 끝- 입니다.열심히 일하고 언제든 바로 떠나세요!!연차와 무관하게 월 1회 **Refresh Day**가 자동 부여됩니다.RD도 마찬가지로 별도의 승인이 필요하지 않습니다. • 재택 근무제라인웍스는 COVID-19 확산 방지를 위해 필요한 모든 조치를 적극 시행하고 있습니다.또한 경영진의 합리적인 판단 하에 필요 시 전 사원에게 재택 근무를 권장하고 있습니다.• 종합 검진 제공라인웍스의 구성원은 2년 주기 기본 검진을 포함한 종합 검진을 제공받습니다.신규 입사자는 입사 일 기준 다음 해부터 적용 대상입니다.• 업무 맞춤형 데스크탑 or 노트북 제공**업무에 필요한 모든 기자재를 제공합니다. Dual monitor, Mac mini, Mac pro ...(업무에 따른 개인 차가 있습니다.)• 다양한 간식/음료/고급커피 무제한 제공항상 가득 채워져 있는 50종 이상의 간식, 10종 이상의 음료수!!최고급 캡슐 커피, 아아 제조가 가능한 제빙기까지!• 교육/도서/컨퍼런스 지원업무와 관련된 교육, 도서, 컨퍼런스 등을 전액 지원합니다.또한 모든 내용을 공유하여, 미처 참석하지 못한 구성원에게 간접 교육의 기회를 제공합니다.• 휴게실 및 미니 도서관라인웍스는 개인의 휴식 공간을 위해 별도의 휴게실을 운영합니다.수 십 권의 만화책부터 개발 서적까지 다양한 책으로 넘치는 [미니 도서관]을 함께 운영합니다.나른한 오후 쇼파에 앉아 자유롭게 Tea & Book Time을 즐기실 수 있습니다.아! 고양이 책 코너도 있답니다ㅎ(냐-옹)• 소모임 및 스터디 운영LINEWALKS BOARD GAME CLUB 소모임을 운영하고 있습니다.회사에 보드 게임 마스터가 계십니다.덕분에 간단한 게임부터 복잡한 게임까지 무려.. **40가지**가 넘는 보드게임이 구비되어 있다는 사실.또한 프로젝트나 업무 관련 스터디를 지원하고 직접 운영하고 있습니다.• 투명하고 즉각적인 정보 공유업무의 효율성을 높이고 투명성을 확보하기 위해 다양한 노력을 하고 있습니다.Google Chat, Yona, Notion 등의 도구를 적극 활용하고 있습니다.불필요한 회의는 최소화하고, 팀원들에게 좋은 영향을 줄 수 있는 밀도 있는 회의를 진행하고 있습니다.• 수평적 조직 구조라인웍스는 수평적인 구조 하에 창의적인 의견을 누구나 말할 수 있는 환경입니다.직급이 따로 없으며, OO님~ 식으로 호칭을 통일합니다.누구나 자유롭게 의견을 개진할 수 있으며, 대표님과 언제든 직접 이야기 나눌 수 있습니다.• 회사 위치, 근무 환경강남역 5번 출구에서 정확히 500m 입니다.오피스를 넓게 사용하고 있으며, 개인마다 각각 넓은 책상을 쓰고 있습니다.컴퓨터가 많기에 다양한 공기 정화 식물과 가습기를 설치해 두었습니다.• 자유로운 점심 시간, 맛집 탐색라인웍스의 모두는 근무 시간을 개인의 책임 하에 관리하기에 점심 시간 또한 자유롭습니다.강남역 인근이라 맛집도 많으며, 자체적인 맛집 지도(라슐랭가이드)를 제작하여 관리하고 있습니다.점심 시간 1시간을 어떻게 사용하는지는 자유입니다. 너무 고민된다면 배달 요정을 찾아 주세요! (뾰로롱)• 회식 문화 지양라인웍스는 기본적으로 공식적인 술 회식이 없습니다.회식은 분기마다 진행하며, 점심에 아주 맛있는 식사를 하곤 합니다.• 대표님의 개그가 훌륭함자타공인 유머 왕이 계십니다. (찡긋)",상시,무관,신입
/position/4043,"['python·', 'scikit-learn·', 'tensorflow·', 'machinelearning·', 'deeplearning·', 'pytorch·', 'ai/인공지능']",머신러닝/딥러닝 모델 기반 음성인식 서비스 백엔드 개발자,프렌즈몬,정보없음,• 머신러닝/딥러닝 모델 기반 음성인식 서비스 백엔드 개발,• Python 사용 가능자  [ 필수조건 ],"• AI 모델 서빙 및 A/B 테스트,  성능 분석• PyTorch, Scikit-learn, TensorFlow 등을 활용한 AI 개발 경험 및 모델 서빙 경험자",• 출근 시간 선택 가능 [ 9시 / 10시 ]• 자유롭게 반반차 사용이 가능합니다. ,2022-04-30,무관,신입
/position/6834,"['kubernetes·', 'docker·', 'pytorch·', 'deeplearning·', 'tensorflow·', 'opencv·', 'linux·', 'git·', 'python·', 'machinelearning']",ML Engineer,데이터메이커,4.1,"• 다양한 종류의 데이터 (Image, Text, Audio, LiDAR 등)에 대한 데이터 라벨링 자동화 엔진을 개발합니다.• 고급 ML 기법을 활용한 State-of-art 아키텍쳐 모델을 구현하고 개발합니다.• Active Learning, Transfer Learning, AutoML 등의 기법을 통해 모델 학습 자동화 기술을 개발합니다.• Pruning, Quantization을 통한 모델 경량화, TensorRT, openvino를 통한 inference를 최적화합니다.","• 전산학 지식 보유한 분(학 · 석사)• Python 개발이 능숙하신 분• 하나 이상의 머신러닝 프레임워크(PyTorch, TensorFlow 등)를 능숙하게 사용해본 경험이 있는 분• UNIX(Linux)기반 개발/운영 경험이나 이에 준하는 지식을 가지신 분• 지원 시 경력기술서를 PDF 형식으로 필히 첨부해 주세요.","• ML관련 서비스 개발 경험이 있으신 분• AI 코어 기술 및 응용 분야에 대한 연구 개발 경험이 있으신 분• High Availability 아키텍처 설계 경험이 있으신 분• Docker, Kubernetes, Kubeflow, MLflow 등 가상화 관련 플랫폼 사용 경험이 있으신 분• 머신러닝 관련 논문을 퍼블리시한 경험이 있으신 분","• 구성원이 더욱 만족할 수 있는 환경을 만들고자 항상 고민합니다.• 임직원의 평균 연령대가 낮고, 자유로운 분위기 속에서 근무할 수 있습니다.• 스낵바 운영, 도서구입비용 지원, 자율 복장, 최고급 업무 장비와 소프트웨어를 제공해 업무에 집중하실 수 있도록 지원해 드립니다.• 생일 및 경조 지원, 명절 귀향비, 성과급을 지급합니다.• 청년내일채움공제 등 각종 청년지원사업 참여를 권장하고 지원합니다.• 이 외에도 구성원이 원하는 사항을 최대한 반영할 수 있도록 귀를 기울이고 있습니다.",상시,대학교졸업(4년) 이상(졸업예정자 가능),신입
/position/7006,"['c·', 'c++·', 'xml·', 'machinelearning·', 'deeplearning']",영상처리/인식 알고리즘 및 Application 개발 (1명),비욘드아이,1.9,• 영상 인식 기능 개발 업무 (딥러닝 활용 사물인식 기능 개발)• 영상 인식 관련 PC Tool 개발 업무• Embedded Linux Porting 및 영상처리 알고리즘 개발&지원,"• 경력 : 신입 ~ 7년차 (사원~ 선임연구원급)• C, C++ , XML 개발 경험 및 이해&활용 가능자• Open Source 알고리즘 기반 개발 경험 및 분석 가능자• Machine / Deep Learning Framework 경험자","• Windows Application 개발 가능자• Open VG / GL / CL 경험자• Data Sheet 분석 및 개발 가능자• 전장 개발, CAN 개발, 차량용 제품 개발 경험자• AUTOSAR, A-SPICE 경험자• MICOM CAN/LIN 개발 경험","• 근무 환경 : 내근 100% , 비즈니스 캐주얼, 근속연구 8~9년, 연령 구성 다양, 대부분 야근 없음• 복리후생 : 경조금 및 경조휴가, 출산장려금, 상조용품, 보육수당 (3자녀 이상), 식대 지급 (연봉별도), 장기근속자 시상, 의료비 지원 (월간 20만원 초과액의 50%, ~100만원 한도), 독감백신 무료 접종, 건강검진 지원 (만 40세 이상 종합검진 본인부당금 20만원 한도내에서 50% 지원), 상해보험 지원 (희망자, 월 최대 5만원 내 가입금액의 50% 지원), 선택적 복리후생 제도 (직급별 복지포인트 부여), 명절&생일&결혼기념일 상품권 지급",상시,"대학졸업(2,3년) 이상",신입
/position/3614,"['c++·', 'python·', 'opencv·', 'c#·', 'rust·', 'r', 'language']",[WATA Inc] 비젼 알고리즘 개발 연구원,WATA Inc.,정보없음,• LiDAR & Vision SLAM• LiDAR Object Detection & Lane Detection• Radar / LiDAR / Camera / IMU 센서를 활용한 측위솔루션 연구• Vision Based Image Processing,"• 4년제 대졸 이상 관련학과 졸업자• 신입/경력 무관• Radar / LiDAR / Camera 등 센서 데이터 처리를 통한 Object detection, Localization 수행 경험자• 머신러닝 & Deep Learning 소프트웨어 개발 경험자","• c++, c#, rust, opencv, python, r 중 1개 이상 사용자 우대• OpenCV 및 상용(Cognex, MIL, Halcon, eVision 등) Library 경험자• 관련분야 석/박사급 전공자 우대• Radar / LiDAR 등 센서 시뮬레이션 개발 경험자 우대","• 탄력 근무제 실시(출근 : 8~10시 , 퇴근 5~7시)• 중식 제공• 생일 유급 휴가 제공• 직급 호칭이 없는 수평적 조직 구조• 강요 없는 자유로운 회식• 눈치 보지 않고 휴가/연차 사용• 최신형 개발 장비 지급• 자기개발비 지원(도서구입, 온라인 강의, 세미나 참석 등)• 인재 추천 지원금• 우리 사주 및 스톡옵션 제공• 퇴직금, 장기 근속자 포상• 경조사비 지급, 국책 연구과제 연수수당 지급, 특허 출원 수당 지급• 원하는 직원에 한해 해외 법인 순환 근무 기회 제공<기타사항>* 연봉 협상은 개인 역량에 따라 협의하고 있습니다.* 재직중인 분들은 퇴근(오후 6시) 후 면접 가능합니다. * 궁금하신 내용은 인사 담당자에게 문의 주시면 됩니다.",상시,대학교졸업(4년) 이상,신입
/position/4518,"['ai/인공지능·', 'python·', 'java·', 'spring', 'boot·', 'rest', 'api·', 'deeplearning']",주차관제 AI S/W 개발 부문 채용 ,파킹클라우드,2.1,"• AI 솔루션 개발 및 유지보수 (LPR, Object Detection, Object Tracking 등)• AI 영상 인식 전/후 처리 개발 ",• Java (spring boot) 소스코드 이해 (필수)• AI 이미지 인식 관련 기본 지식(CNN 등)• AI Training/Inference 경험• python 소스코드 이해 및 개발 가능,• 팀워크 및 원활한 커뮤니케이션 능력• Rest API에 대한 이해 및 개발 가능자• RDBMS에 대한 이해 및 개발 가능자 ,• 우수사원포상• 퇴직연금• 자격증 수당• 교육비 지원• 사내인재추천수당• 경조금/경조휴가• 야근/휴일수당• 4대보험(일용직포함),상시,무관,신입
/position/4854,"['pytorch·', 'python·', 'c++·', 'docker·', 'tensorflow·', 'hadoop']",[아틀라스랩스] 전문연구요원 STT Engineer (음성인식),아틀라스랩스,3.5,"• Kaldi, pytorch 기반 한국어, 일본어 언어모델 개발• Kaldi, pytorch 기반 한국어, 일본어 음향모델 학습• End-To-End 기반 음성 인식기 개발","• 관련 분야 석사 이상의 학위• Python, C++ 중 최소 한가지 능숙• Unix 개발환경 경험• 음성 인식 기본 이론 이해","• 음성 인식기 개발 및 연구 경력• AI 기술에 대한 전반적인 이해도• Docker 기반 개발 경험• 대규모 데이터 처리 프레임워크 사용경험(grid engine, hadoop 등)• Pytorch / Tensorflow 기반 개발 경험• 신호처리 지식 보유","[문화 Culture]아틀라스랩스는 최소한의 것을 규정합니다. 신뢰를 기반으로 스스로의 업무에 대해 책임감 있게 행동하고, 자유롭게 일할 수 있는 문화를 만들어가고 있습니다. • 다양한 나라와 배경의 실력있는 동료들과 함께합니다.• 구성원은 규칙이 아닌 회사의 목표와 문화로 관리합니다.• 근무 형태는 정규직으로 3개월 수습 기간이 있습니다.[근무환경 Working environment]• 자유로운 출퇴근과, 원격근무로 근무시간과 근무장소를 관리하지 않습니다• 휴가는 자가승인을 기본으로 연간사용일수를 제한하지 않습니다. • 사무실은 패스트파이브 강남역 2호점으로 신분당선역 바로 앞에 위치해 있습니다. [혜택 Benefits]• 자율근무, 재택근무, 자율 휴가제 • 무제한 커피, 우유 및 차 제공• 야근 식대제공• 설, 추석 명절, 결혼, 출산 선물제공• 도서구입비 지원• 최고의 업무환경을 위한 듀얼 모니터, 소프트웨어, 개인노트북 및 악세서리 지원",상시,석사졸업 이상,신입
/position/4883,"['python·', 'ai/인공지능·', 'google', 'ai', 'platform·', 'deeplearning·', 'machinelearning·', 'nlp·', 'bigdata·', 'aws']",[전문연구요원/신입가능] AI/Recommendation System 리서치 엔지니어 - 병역특례,버즈니,3.6,"※ 참고사항 : 1. 해당 공고는 전문연구요원 특별 채용입니다.2. 대졸 초임 기준 5000만원 수준 연봉 3. 해당 직군은 전문연구요원으로도 지원 가능합니다.(신규) 석,박사 졸업 혹은 22년 2월 졸업(예정)인 신규편입 대상자(전직) 1년 6개월의 복무 후 전직이 가능한 대상자 ■ 팀 소개머신러닝 기술을 이용하여 홈쇼핑 사용자들에게 새로운 가치를 제공하기 위해 노력합니다.또한 이를 통해 홈쇼핑모아 서비스의 확연한 차이를 이끌어 내고자 하며, 외부에 버즈니의 머신러닝 기술을 공개하여 커머스 AI 기술을 선도하는 기업으로 자리 잡고자 합니다.■ 우리의 성장 가능성머신러닝의 결과물을 저장하고, 사용자에게 제공하는 경험을 쌓을 수 있습니다.그 과정에서 클라우드 서비스를 활용한 효율적이고 안정적인 아키텍처를 구성하는 능력을 키울 수 있습니다.■ 주요업무• E-commerce에서 사용되는 추천 기술 (Collaborative Filtering, User/Item Feature Extraction, Matrix Factorization, User Segmentation, Multi Armed Bandit, Graph Neural Network) 연구/개발• 최신 추천 기술 서비스 적용 가능 여부 분석 및 서비스 적용■ 버즈니 리서치 엔지니어가 일 하는 방식•'단순한 모델 개발 넘어 서비스 적용 중요'http://naver.me/5xK9TW2L■ 버즈니 AI/Lab 콘텐츠• https://bit.ly/3c2MoPY• https://bit.ly/3n7MTi3■ 버즈니 전문연구요원은 어떻게 일할까?• http://naver.me/xIZqvCu1",• 대용량 데이터 처리 환경에서의 업무 경험이 있으신 분• 추천 관련 전공 석/박사 학위 소지 또는 그에 준하는 연구/개발 경험이 있으신 분• 논문을 빠르고 정확하게 이해하고 구현할 수 있으신 분• 최신 추천 기술 동향을 파악하고 계신 분• Python 사용 능력이 능숙하신 분,• 추천 시스템 관련 오픈소스 컨트리뷰션 경험이 있으신 분• 서비스에서 생겨나는 데이터를 기반으로 분석을 한 경험이 있으신 분• 통계에 강하신 분,"■ 버즈니크루에게 제공되는 다양한 베네핏 [연봉상위 1% 대우]• 우리는 우수한 인재를 우리의 동료로 함께 하기 위한 투자를 아끼지 않습니다.• 우리는 지난해 개발 직군 대졸 신입 초봉을 5000만원으로 일괄 인상했습니다. • 경력직의 경우 업계 최고 수준의 대우를 보장합니다. [개인 법인카드 지급]• 밥값 걱정없이 맛있게 먹고 즐겁게 일 할 수 있게 적극 지원해요!  1일 1만원 한도로 식사는 물론, 커피숍이나 편의점 등 재택근무에도 자유롭게 사용 가능해요![회사에서 돈 쓰지 마요!! 버즈니가 쏩니다.]• 점심식비 10,000원/일 (연간 200만원 이상/재택근무 포함)• 명절 상여금 1,000,000원 / 당해년도 (설,추석 각 50만원) • 회식비 지원 360,000원 /당해년도• 도서지원비 240,000원 /당해년도• 자기계발비 480,000원 /당해년도• 홈쇼핑지원금 600,000원 /당해년도 (판매가의 30% 지원)• 생일 지원금 100,000원 /상품권• 건강검진 지원금 800,000원 /종합검진 업그레이드[자율 출퇴근 제도]• 7시~11시 중 출근 시간을 선택할 수 있으며, 일주일에 40시간 근무합니다. [Role-driven 조직]• 버즈니크루는 스스로가 결정권자로서 모든 일에 책임감을 가지고 일하고 있습니다.• 우리는 서로의 의견을 존중하며, 더불어 많은 이야기를 통해 합리적인 의사결정을 합니다.• 내가 내 분야의 전문가로서 얼마만큼 성장할 수 있는지는 오롯이 나에게 달려있습니다.[불필요한 체계가 없는 환경]• 우리는 모두 수평적인 동료로서 함께 일하고 있습니다.• 딱딱한 직급 대신 닉네임으로 서로를 부르고, 불필요한 형식의 보고가 아닌 노션과 슬랙, 스몰톡을 통해 업무 유관자와 그때 그때 공유합니다.  [기회와 보상]• 더 나음을 생각하고 실행하는 버즈니크루는 언제나 두팔 벌려 환영합니다!• 성장의 즐거움을 즐기는 것은 버즈니의 가장 큰 성과로서, 그에 맞는 보상으로 보답하고자 합니다.[실패가 아닌 경험]• 우리는 실패가 아닌 ""경험했다"" 라고 이야기합니다.• 경험은 쌓일수록 더 좋은 다음을 만들 수 있다고 믿기에, 많은 시도를 해보는 것이 더 중요하다고 생각합니다.[일하기 좋은 환경]• 최고의 퍼포먼스는 좋은 환경에서 더 빛을 발할 수 있기에, • 업무에 필요한 최신 업무 장비(맥북 프로)와 쾌적한 사무실 환경에는 적극적인 지원을 하고 있답니다. [배움에는 무한으로 지원]• 넓은 지식의 바다에서 우리는 배워도 배워도 부족함을 느낍니다.• 배움에는 갈증을 느끼지 않도록 사내도서관 운영을 통해 무제한으로 도서를 신청하고 볼 수 있습니다. 더불어 외부 교육 뿐만 아니라 내부 세미나를 통해서도 배움의 장을 접할 수 있도록 환경 마련에 힘쓰고 있습니다.그밖에도,#캐쥬얼복장 #자유로운 휴가 사용 #리프레시 휴가+휴가지원금 #건강검진 지원 #자율 회식/문화 회식 #도서구입비 지원 #쾌적한 휴식공간(B-라운지) #장기근속 지원 #올빼미 지원(늦게 퇴근하면 당연히 늦은 출근) #스톡옵션#수평적조직 #전문연구요원",상시,석사졸업 이상,신입
/position/6959,"['python·', 'node.js·', 'mysql·', 'elasticsearch·', 'aws·', 'rest', 'api']","젊고 트렌디한 IT개발팀, 코드크레인에서 AI/빅데이터 개발자를 모집합니다",코드크레인,3.3,"• AI/빅데이터 관련 개발 (텍스트 분석, 개인화 추천, 검색 엔진 등)• 백엔드 개발 (restful API, DBMS설계 및 연동 등)",• 학력: 대졸 이상,"• 관련 전공(AI/빅데이터 석, 박사 학위 및 정보처리기사 자격증을 보유하신 분)• 백엔드 개발 경험 1년 이상이 있으신 분• DBMS에 대한 이해 및 개발경험이 있으신 분• Python 및 Node.js에 대한 이해 및 개발경험이 있으신 분","• 연금/보험: 4대보험은 기본이죠!• 휴무/휴가: 연차, 반차, 정기휴가를 자유롭게 사용하세요!• 커피/간식: 당 떨어질 일 없도록 무제한으로 제공해요! 원하는 간식이 있다면 말만 하세요! 코드크레인의 해피크루가 준비해줄거에요.• 석식제공: 야근하는 분위기가 절대 아니에요! 하지만 불가피한 야근이 있을 시, 석식비용을 제공해드립니다!• 워크샵/MT: 코로나로 잠시 중단된 상태이지만, 구성원간 화합을 다질 수 있는 재미있는 워크샵/MT를 1년에 1~2회 떠나요!• 코드크레인 전용공간: 15층 전용 엘레베이터를 이용하는 코드크레인 본사, 확 트인 뷰를 즐길 수 있는 전용 테라스 공간과 사무실을 보유하고 있어요!",상시,대학교졸업(4년) 이상(졸업예정자 가능),신입
/position/6888,"['machinelearning·', 'ai/인공지능']",Machine Learning Engineer (조합최적화문제),마키나락스,4.3,"•  조합최적화 문제란? 이산적인 탐색공간에서 최적의 해를 찾는 문제입니다. 탐색공간이 연속적인 문제와 비교해봤을 때 상대적으로 해를 찾아가기 위한 단서가 부족하므로 수많은 해의 후보들을 영리하게 탐색해가는 것이 본 문제의 핵심이 됩니다. 예를 들어 오늘 중으로 100건의 택배를 배달해야 하는 배송 기사가 있다고 가정해봅시다. 이때 택배의 배송순서를 어떻게 정하냐에 따라 총 배송 시간은 천차만별로 달라질 것입니다. 그렇다면 배송 기사는 100! 개의 배송경로 중에 가급적 총 배송 시간이 적은 경로를 고를 필요가 있습니다. 이는 O(N!)의 탐색 문제로 NP-Hard군에 속하는 문제입니다. 세상에는 (경로 문제 뿐만 아니라) 수없이 많은 조합 최적화 문제들이 존재합니다.• 반도체의 성능을 극대화하거나 또는 생산비용을 절감하기 위해서 소자들을 어떻게 배치해야 할 것인가?• 클라우드 시스템에서 요청받은 작업들을 각각 어떤 자원(CPU, GPU, Memory)에 배치할 것인가?• 뉴럴네트워크의 성능을 높이기 위해서는 어떤 하이퍼파라미터 조합을 사용해야 할 것인가?조합 최적화 문제 팀은 조합 최적화 문제에 대한 높은 수준의 기술력 확보와 동시에 제품 개발을 통한 새로운 시장가치의 창출을 목표로 하고 있습니다.현재는 주로 반도체의 소자 배치 문제를 풀고 있으며, 차츰 다양한 주제로 문제의 영역을 확대해 나갈 예정입니다.","• 문제와 연구내용 이해를 위한 기본적인 확률, 정보이론, 선형대수 등의 기초지식을 보유하신 분• 특정 방법론에 종속되지 않는 유연한 문제 접근, 해결 능력을 갖추신 분• 연구논문을 읽는 것과 구현하는 것 모두에 대해 깊은 흥미를 갖고 계신 분• 조합 최적화 or 강화학습 주제가 아니더라도 ML을 활용하여 프로젝트 or 연구 성과를 내본 경험이 있으신 분",• 조합 최적화 문제를 정의하고 해결하는 것에 흥미를 갖고 계신 분• 강화학습을 이용한 조합 최적화 알고리즘 구현 경험• 강화학습 외의 방법을 이용한 조합 최적화 문제 해결 경험    (예: Integer Programming or Genetic Algorithm or Simulated Annealing 등)• ASIC 쪽의 도메인 지식을 가지고 계신 분• 분산 컴퓨팅 / 병렬 컴퓨팅 기술을 활용한 프로젝트 경험,"[자율] 마키나락스는 자율적인 근무환경을 지향합니다.• 유연한 재택근무: 날이 추워도, 날이 더워도 자유로운 재택근무와 함께라면 두렵지 않아요. • 자율적인 출퇴근 문화: Core Time(10시 ~ 4시)을 제외하고 자유롭게 출근과 퇴근이 가능해요.• 무제한 휴가제도: 휴가는 필요할 때, 일수에 제한 없이 사용할 수 있어요. [몰입] 마키나락스는 업무 이외의 것에는 신경쓰지 않도록 '몰입'할 수 있는 환경을 지원합니다.• 최신 장비 지원: 맥북 프로, 4K 모니터 등 신규 입사자가 원하는 장비를 400만원 한도 내에서 지원합니다. • 스탠딩 데스크: 소중한 여러분의 척추 건강 스탠딩 데스크로 지키세요.  • 건강검진: 언제나 건강이 최고.  연 1회 30만원 상당의 종합검진을 지원합니다.  • 점심 및 저녁 식사: 회사에 출근할 때도, 재택할 때도 식사 걱정은 하지 마세요. 회사 돈으로 먹으면 되니까요.  • 장기근속 유급 휴가: 열심히 일한 당신 떠나라! 3년 근속 시 300만원 한도로 한달살기 비용을 지원합니다. • 스낵바: 커피부터 과일까지 다양한 간식이 상시 구비! 먹고 싶은건 #Snack 채널에서 요청해보세요. [성장] 마키나락스는 회사와 구성원이 함께 성장할 수 있도록 지원합니다.• 국제 컨퍼런스/세미나: 글로벌 인사이트를 쌓을 수 있도록 국제 컨펀런스 및 세미나 참석을 지원합니다.  • 강의/도서/스터디 지원: 업무에 필요한 강의와 도서 지원 여러분의 성장을 위해서라면 아끼지 않아요. • 특허 출원/등록 보상: 특허 출원에 대해 30만원을, 특허 등록에 대해 50만원을 지원합니다.  [팀 워크] 마키나락스는 팀이 가지는 시너지를 믿습니다.• 사내 소모임: 런닝, 클라이밍, 전시, 차(茶), 커피, 3D 프린팅 등 구성원들의 취미 활동을 지원합니다. • 티 타임: 주 1회 팀별 티 타임, 1on1 세션 티 티타임을 통해 구성원들과 더 많은 대화를 나눠요.  ",상시,무관,신입
/position/3747,"['java·', 'python·', 'tensorflow·', 'keras·', 'pytorch·', 'rest', 'api·', 'mongodb·', 'nosql·', 'django·', 'dicom']",의료 인공지능 시스템 개발,메디칼파크,2.9,"• RNN, CNN, GAN• 의료영상분석, 신호처리분야• 분류, 생성 모델","• Python 프로그래밍 필수• 기타 기본적인 응용프로그램 제작 능력 • 기계학습, 딥러닝 관련 학습 경험을 피력할 수 있는 설명자료 제시",• 영상처리 관련 CNN 기반 딥러닝 개발 경험• 분류 모델 학습 경험• 생성 모델 학습 경험• 신호처리 관련 RNN 기반 딥러닝 개발 경험• 수학 또는 응용통계 관련 전공자,"• 퍼포먼스에 대한 보상• 정부과제 인건비 계상 연구원은 연차별 연구성과금 지급• 중식 별도 제공• 복리후생비, 기숙사지원비 지급",상시,대학교졸업(4년) 이상,신입
/position/5827,"['deeplearning·', 'python·', 'java·', 'c·', 'c++·', 'linux']",음성/자연어 딥러닝,포지큐브,3.6,"• 음성인식 딥러닝 개발• STT 기술 개발 : SpeechToText 기술 개발- wav2vec 학습- wav2vec 경량화- wav2vec 정확도 개선- 자사 TTS를 이용한 샘플 제작- 한국 주소 DB 구축- STT 결과 Text와 주소 매칭 엔진 개발 • 노이즈필터 및 음성 특징 분석 딥러닝 개발• 딥러닝을 이용한 음성 특징 분석 및 노이즈 제거 기술 개발- 전화 음성의 연령대, 성별 추론 엔진 개발(딥러닝)- 전화 녹음의 background sound 및 white noise 제거 기술 개발• NLP/NLU 딥러닝 개발 - BERT / ELECTRA 연구 - 자연어 형태소 분석 연구 - 챗봇 연구",• 딥러닝 기초 지식• Python• Docker / Conda / Linux 사용 경험,"• 머신러닝/딥러닝 경험자• 음성 분석 또는 노이즈 제거 기술 개발 유경험자• word vector, TTS, STT, NLP 기술 개발 유경험자• 최신 논문을 이해하고 구현 가능한 자 • Java, C/C++ 중 하나이상 가능 자 • 컴퓨터공학 / 한국어 / 음성학 전공 • 경력 - 분야 무관 딥러닝 2년 이상 ","[근무환경]• 근무형태 : 정규직 (수습기간 3개월)• 근무시간 : 주5일 (월~금)[혜택 및 복지]• 저녁에 업무가 잘되는 당신, 선택적 자율출퇴근제• 오늘은 혼자 있고 싶어요, 재택근무 가능• 몸이 건강해야 마음이 건강하다! 매년 제공되는 건강검진• 당신의 개성을 존중합니다. 개인별 맞춤 장비 제공• 먹고 일하는 직원이 행복하다! 화수분처럼 쏟아지는 간식bar• 근무시간에 탁구 경기 가능! 탁구대, 플스 구비• 합법적 비상금 충당 가능! 매월 초 식대 제공(비상금 충당 가능)• 서로 윈윈하자! 자기계발비, 교육훈련비, 도서지원• 곧 더 넒은 곳으로 갑니다! 160평 규모의 사무실과 카페테리아• 스톡옵션, 퇴직연금, 성과급 제도 운영(더 많은 복리후생을 제공하기 위해 HR팀 열일중입니다!)",상시,대학교졸업(4년) 이상,신입
/position/6586,"['ai/인공지능·', 'deeplearning·', 'network·', 'c·', 'c++·', 'python·', 'tensorflow·', 'pytorch·', 'machinelearning']",Deep Learning Engineer,플라잎,0.0,"• Deep Learning-Based Computer Vision Solutions 연구 및 개발									 - Object Detection, Instance Segmentation									 - 6D Pose Estimation									 - Semi- , Unsupervised Learning									 - Robotic Grasp Detection									 - Synthetic Data Generation									• Network 최적화 및 경량화									","• 해당 분야 석사/박사 학위 혹은 3년 이상의 경력을 갖춘 분• C/C++, Python 숙련자									• Tensorflow, Pytorch 숙련자									• Machine Learning 관련 지식 보유 									• Computer vision 관련 연구/개발 경험									","• 3D Data를 다루는 프로젝트 혹은 연구 경험이 있으신 분									• Computer Vision, Machine Learning 관련 최신 논문 모니터링 및 활용에 관심 많은 분									• 로봇에 대한 전반적인 배경 지식이 있으신 분 									• ROS(Robot operating system) 활용 경험 있으신 분									• CUDA 언어 및 Tensor RT 활용 경험 있으신 분									• Deep Learning Network 최적화 및 성능 개선 경험이 있으신 분									• GAN, Photorealistic synthetic data 관련 연구 경험이 있으신 분									• 상용화 소프트웨어 개발 경험이 있으신 분									","◆ 기타사항 ◆• 급여 : 개인의 역량에 따라 협의 * 스톡옵션 & 인센티브• 채용 형태 : 정규직 * 수습기간 3개월 후 전환 심사. 수습기간 中 연봉 100% 지급• 근무 장소 : 경기도 성남시 분당구 대왕판교로 660 유스페이스1 B동 901호 / 우: 13494• 4대 보험 가입◆ 채용 절차 ◆1. 서류 전형 (이력서, 자기소개서, 포트폴리오 등)2. 적성 및 컬처핏 면접3. 최종합격 및 처우 협의• 서류는 자율 형식 (양식 및 분량 무관)입니다. 압축하지 말고 URL 또는 PDF 형식으로 제출해주세요◆ 혜택 및 복지 ◆[조직 문화]• """"~님"""" 호칭을 사용함으로써 서로를 존중하는 문화• 한 달마다 한 번 진행되는 타운홀미팅 : 서로의 의견을 솔직하게 나누고, 과거보다 미래 지향적으로 회사의 비전을 함께 나누는 전사회의• 불필요한 회의를 최소화하고 오로지 업무에 집중할 수 있는 환경• 고민이 있을시 리더 혹은 CEO와 언젠든 자유롭게 요청할 수 있는 1:1 미팅• 의무적인 회식 없는 자유롭게 참여할 수 있는 회식 문화• 주어진 업무의 성과에 따른 합당한 인센티브 / 실패하더라도 의미있는 실패면 인센티브 지급[근무 환경]• 신분당선 판교역에서 10분 거리 위치의 사무실• 10시 이전,5시 이후 시간 자율 출근 (매일 다른 시간에 출/퇴근해도 OK)• 별도의 승인 없이 연차, 반차, 보건 휴가(무급), 비상휴가 등 자유롭게 사용 가능• 효율적인 업무 진행을 위해 장비(랩탑, 데스크탑, 맥북, 모니터 등) 및 소프트웨어 등 지원• 너무도 당연한 자유복장[복지 환경]• 성장하는데 도움이 되는 교육비, 도서구입비 등 자기계발비 지원• 명절 선물 및 귀향비 지급• 생일자 조기 퇴근 및 생일 케이크 제공• 과자, 음료, 탄산수, 두유, 맥주 등 원하는 간식 24시간 구비• 2년 근속 직원 대상 리프레시 유급 휴가 5일 지원• 여름 및 겨울 방학 1주일, 샌드위치 휴가, refresh 휴가• 백신 접종 당일 연차 소진없는 특별 휴가 1일 지원",상시,석사졸업 이상,신입
/position/6149,"['scikit-learn·', 'pytorch·', 'k8s·', 'machinelearning']",Machine Learning Engineer (AIOps),오케스트로,4.4,"• 자사 AIOps 솔루션 심포니 개발 • 데이터 전처리, 모델 학습, 배포 파이프라인 구축 및 운영• 알고리즘 개발자에 대한 기술 지원(제품 아키텍처 및 핵심기능은 홈페이지 참조)",• 모델 학습 및 배포를 포함한 ML 파이프라인 일부 또는 전체 구축 및 운영 경험이 있으신 분• ML 및 MLOps에 관심이 있고 새로운 기술을 공부하고 적용하는 것에 두려움이 없으신 분,"• 워크플로우 관리 도구(Airflow, Kubeflow 등) 사용 경험이 있으신 분• ML 프레임워크(Scikit-learn, Pytorch 등) 사용 경험이 있으신 분• k8s기반 서비스 운영 경험이 있으신 분","• 자율 출퇴근매일 매일 편한 시간에 출근하세요(9~10) 하루 8시간 열심히 근무하신다면 언제든지 퇴근 하셔도 괜찮습니다• 식비 지원오케스트로는 점심 저녁 식대를 제공합니다 매일 매일 맛있는 식사로 힐링해 보세요 • 각종 휴가 지원 눈치 보지 말고 자유롭게 신청하세요. (연차, 반차, 반반차 운영)여름휴가(연차 외 최대 3일), 기념일 휴가(본인, 자녀 입학/졸업식 유급)를 제공해드려요. • 개인 장비 지급 (Mac Pro, 모니터 등)빛나는 성과를 내는데 꼭 필요한 최고급 사양의 업무용 장비를 지원해드립니다 필요한 장비, 필요한 소프트웨어는 언제든지 지원해드리니 부담 없이 요청해주세요• 도서 구입비 지원개인의 성장이 조직의 성장을 이끈다고 믿습니다. 새로이 발전하는 기술 트렌드를 익히고 발전시킬 수 있도록 교육비, 도서 구입비를 지원해드립니다. • 결혼 장려금 / 출산 장려금 지원개인의 생활과 직장이 조화를 이루도록 지원합니다. 일생에 가장 축하할 일인 결혼과 출산 장려금을 드립니다. • 자유로운 복장개인의 개성과 스타일을 존중합니다편하게 입으시고, 눈치 보지 마세요• 그 외종합 건강검진, 생일 축하(선물 & 조기 퇴근), 명절 선물, 청년내일채움공제 등",상시,무관,신입
/position/6587,"['c·', 'c++·', 'python·', 'machinelearning·', 'tensorflow·', 'pytorch']",Reinforcement Learning Engineer,플라잎,0.0,• Reinforcement Learning Based Robot Controller 연구 개발									 - Robot behavior Optimization  									 - Control Parameter Approximation									• Tracking									 - Predict object position									• Reinforcement Learning Training Simulation 개발									• Robot Operation System 개발									,"• C/C++, Python 개발 가능									• Machine Learning 및 알고리즘의 배경지식									• Tensorflow, Pytorch 등 사용 경험									• 물리 엔진 기반의 시뮬레이션을 통한 Reinforcement Learning Project 경험자									",• 해당 분야 석사/박사 학위 혹은 3년 이상의 경력을 갖춘 분									• Model based Reinforcement Learning 개발 경험이 있으신 분									• Manipulator등 실제 Robot과 연동하여 Project를 진행한 경험이 있으신분									• Robotics 또는 Control 관련 전공자 중 Reinforcement Learning에 대한 전반적인 지식 및 Reinforcement Learning을 활용한 Project 경험이 있으신분									• ROS 또는 ROS2 개발 경험이 있으신분									• 머신러닝 프로젝트를 위한 실물 공정 시뮬레이터 개발 경험이 있으신 분									,"◆ 기타사항 ◆• 급여 : 개인의 역량에 따라 협의 * 스톡옵션 & 인센티브• 채용 형태 : 정규직 * 수습기간 3개월 후 전환 심사. 수습기간 中 연봉 100% 지급• 근무 장소 : 경기도 성남시 분당구 대왕판교로 660 유스페이스1 B동 901호 / 우: 13494• 4대 보험 가입◆ 채용 절차 ◆1. 서류 전형 (이력서, 자기소개서, 포트폴리오 등)2. 적성 및 컬처핏 면접3. 최종합격 및 처우 협의• 서류는 자율 형식 (양식 및 분량 무관)입니다. 압축하지 말고 URL 또는 PDF 형식으로 제출해주세요◆ 혜택 및 복지 ◆[조직 문화]• """"~님"""" 호칭을 사용함으로써 서로를 존중하는 문화• 한 달마다 한 번 진행되는 타운홀미팅 : 서로의 의견을 솔직하게 나누고, 과거보다 미래 지향적으로 회사의 비전을 함께 나누는 전사회의• 불필요한 회의를 최소화하고 오로지 업무에 집중할 수 있는 환경• 고민이 있을시 리더 혹은 CEO와 언젠든 자유롭게 요청할 수 있는 1:1 미팅• 의무적인 회식 없는 자유롭게 참여할 수 있는 회식 문화• 주어진 업무의 성과에 따른 합당한 인센티브 / 실패하더라도 의미있는 실패면 인센티브 지급[근무 환경]• 신분당선 판교역에서 10분 거리 위치의 사무실• 10시 이전,5시 이후 시간 자율 출근 (매일 다른 시간에 출/퇴근해도 OK)• 별도의 승인 없이 연차, 반차, 보건 휴가(무급), 비상휴가 등 자유롭게 사용 가능• 효율적인 업무 진행을 위해 장비(랩탑, 데스크탑, 맥북, 모니터 등) 및 소프트웨어 등 지원• 너무도 당연한 자유복장[복지 환경]• 성장하는데 도움이 되는 교육비, 도서구입비 등 자기계발비 지원• 명절 선물 및 귀향비 지급• 생일자 조기 퇴근 및 생일 케이크 제공• 과자, 음료, 탄산수, 두유, 맥주 등 원하는 간식 24시간 구비• 2년 근속 직원 대상 리프레시 유급 휴가 5일 지원• 여름 및 겨울 방학 1주일, 샌드위치 휴가, refresh 휴가• 백신 접종 당일 연차 소진없는 특별 휴가 1일 지원",상시,석사졸업 이상,신입
/position/6585,"['ai/인공지능·', 'c·', 'c++·', 'python·', 'machinelearning']",Robot Control Engineer,플라잎,0.0,"• ROS 기반 Robot Operation System 개발									• Reinforcement Learning 기반의 Robot Controller 개발 (Control & Motion Planning)									• Reinforcement Learning을 통한 특정 Task 해결 (ex : 문 열기, 닦기, 줍기, 밀치기 등)									• Robot Simulation 환경 구축									","• C/C++, Python 개발 가능									• 기구학, 동역학 등 Robotics에 대한 배경지식									• C++ 또는 Python을 통한 Manipulator등 실제 Robot 구동 경험									• 물리 엔진 기반의 시뮬레이션 사용 경험									• 머신러닝 또는 Reinforcement Learning에 대한 배경지식 및 프로젝트 진행									",• 강화학습과 로보틱스에 지대한 관심이 있으신 분									• 머신러닝 또는 로보틱스 관련 석사/박사 학위 혹은 3년 이상의 경력을 갖춘 분									• 제어공학에 대한 전문지식을 갖고 계신 분									• Model based Reinforcement Learning 개발 경험이 있으신 분 									• ROS2 개발 경험이 있으신 분									• 머신러닝 프로젝트를 위한 실물 공정 시뮬레이터 개발 경험이 있으신 분									,"◆ 기타사항 ◆• 급여 : 개인의 역량에 따라 협의 * 스톡옵션 & 인센티브• 채용 형태 : 정규직 * 수습기간 3개월 후 전환 심사. 수습기간 中 연봉 100% 지급• 근무 장소 : 경기도 성남시 분당구 대왕판교로 660 유스페이스1 B동 901호 / 우: 13494• 4대 보험 가입◆ 채용 절차 ◆1. 서류 전형 (이력서, 자기소개서, 포트폴리오 등)2. 적성 및 컬처핏 면접3. 최종합격 및 처우 협의• 서류는 자율 형식 (양식 및 분량 무관)입니다. 압축하지 말고 URL 또는 PDF 형식으로 제출해주세요◆ 혜택 및 복지 ◆[조직 문화]• """"~님"""" 호칭을 사용함으로써 서로를 존중하는 문화• 한 달마다 한 번 진행되는 타운홀미팅 : 서로의 의견을 솔직하게 나누고, 과거보다 미래 지향적으로 회사의 비전을 함께 나누는 전사회의• 불필요한 회의를 최소화하고 오로지 업무에 집중할 수 있는 환경• 고민이 있을시 리더 혹은 CEO와 언젠든 자유롭게 요청할 수 있는 1:1 미팅• 의무적인 회식 없는 자유롭게 참여할 수 있는 회식 문화• 주어진 업무의 성과에 따른 합당한 인센티브 / 실패하더라도 의미있는 실패면 인센티브 지급[근무 환경]• 신분당선 판교역에서 10분 거리 위치의 사무실• 10시 이전,5시 이후 시간 자율 출근 (매일 다른 시간에 출/퇴근해도 OK)• 별도의 승인 없이 연차, 반차, 보건 휴가(무급), 비상휴가 등 자유롭게 사용 가능• 효율적인 업무 진행을 위해 장비(랩탑, 데스크탑, 맥북, 모니터 등) 및 소프트웨어 등 지원• 너무도 당연한 자유복장[복지 환경]• 성장하는데 도움이 되는 교육비, 도서구입비 등 자기계발비 지원• 명절 선물 및 귀향비 지급• 생일자 조기 퇴근 및 생일 케이크 제공• 과자, 음료, 탄산수, 두유, 맥주 등 원하는 간식 24시간 구비• 2년 근속 직원 대상 리프레시 유급 휴가 5일 지원• 여름 및 겨울 방학 1주일, 샌드위치 휴가, refresh 휴가• 백신 접종 당일 연차 소진없는 특별 휴가 1일 지원",상시,석사졸업 이상,신입
/position/6345,"['python·', 'deeplearning·', 'machinelearning·', 'ai/인공지능']",강화학습(제품) 연구개발,애자일소다,2.5,• 자사 강화학습 제품 설계 및 관련 기능 개발• 자사 강화학습 제품 엔진 연구 및 개발• 지속적인 개선 및 자동화를 고려한 머신러닝 파이프라인 아키텍쳐 설계 및 구축,"• Computer science, 수학, 통계, 전자공학 등 AI 관련 전공자• Python 프로그램 가능자• 데이터 분석/모델링을 위한 언어 및 프레임워크 사용에 익숙하신 분• 프로그래밍 스킬 보유","• Deep learning, Machine learning 경험자 우대• 원활한 커뮤니케이션 능력 역량• 문제 해결 능력 보유 우대• 플랫폼 개발 경험 보유 우대","• 문화 마일리지제도• 유연근무제도 시행 • 간식 무한 제공• 명절 상품권 및 선물지급• 생일, 입사기념일 상품권 지급• 경조휴가 및 경조금 지급• 동료추천 포상금• 장기 근속 포상제도• 직무 발명 포상제도• 스톡옵션 제도• 인센티브 지급• 점심식대 실비지원 등",상시,무관,신입
/position/6503,"['c·', 'c++·', 'opencv·', 'python·', 'machinelearning·', 'deeplearning']",머신 딥러닝 컴퓨터비전 영상 인식 개발자,앤씨앤,2.7,"• ADAS 구현을 위한 전방위 인식 모델, 알고리즘 개발• 인식 모델, 알고리즘 성능 평가 및 최적화","• 신입 : 공학계열 석사 이상• 경력 : 경력 7년 이하(주임연구원, 선임연구원, 팀원급)• 경력 : 머신/딥러닝 개발 종사자 또는 Vision 알고리즘 개발 종사자","• C/C++, OpenCV, Python 등 language 사용 능통자• ADAS 관련 업계 종사자 혹은 경험자	• NPU / GPU 사용에 익숙한 자	• 운전 가능자","모두가 행복하고 편안한 복리후생제도를 지원합니다. [편안한 제도]시차출퇴근제 운영, 자율복장, 출산휴가, 배우자 출산휴가, 육아 휴직 등[행복한 제도]선택적 복지제 운영, 구내식당 및 판교인근 20여개 이상의 식당에서 중식 및 석식 지원, 종합건강검진, 자녀학자금 지원, 명절선물, 각종 경조사 지원, 장기근속자 포상, 주택자금지원, 법인콘도 운영, 다양한 사내행사와 고가 상품, 사내카페 운영 등",상시,석사졸업 이상,신입
/position/6267,"['python·', 'tensorflow·', 'mysql·', 'pandas·', 'aws·', 'machinelearning·', 'deeplearning']",기술스타트업 데이터 리서처 구인 공고 ,맥클로린,0.0,"• 유효한 가설을 수립하고, 실험을 통해 데이터 인사이트를 기반으로 가설을 검증하고 끊임없는 Iteration을 통해 Alpha를 찾는 업무• 정량 데이터, 언어 처리를 통한 Alpha 방법론 검증 및 개발• 고객 프로파일 별로 적합한 맞춤형 투자 방법론 개발• 거시시장의 위험도를 분석하고 경고할 수 있는 모델링","• 유수의 대학에서 정량적, 분석적 분야와 관련된 전공(예. 전자공학, 물리학, 컴퓨터공학, 수학, 금융공학 등)으로 학사, 석사 혹은 박사학위를 취득하신 분• Python numpy, pandas, tensorflow 데이터 분석 및 모델링 경험• RDBMS ( MySQL ) 이해 및 관련 인프라 기본 설정 경험• AWS 기본 클라우드 인프라 이해",• ML / DL 관련 논문 보유• Kaggle 혹은 PS 관련 우수 기록 보유자• 우수한 학업 성적• 사려 깊으며 팀워크가 가능한 성격• 복잡한 개념을 간결하게 표현 가능하며 영어로 의사소통 가능한 커뮤니케이션 스킬• API에 대한 이해,"• 회사의 성장에 올라타도록, 최소 3000만 원 상당의 스톡옵션 !• 당 떨어지면 안 되니깐, 원하는 음료 / 다과 무제한 지원• 강남 밥값은 비싸니깐, 식사는 법인카드로• 내 권리에 눈치 보기 싫으니깐, 승인 없는 자유로운 휴가 사용, 여름휴가 지원• 커리어는 소중하니깐, 자기개발 독서비 / 교육비 지원• 명절 30만 원 이상의 상품권 + 성과급 지급• 구직자는 혜택 사업들 모르니깐, 내일 채움 공제, 청년 비과세 혜택 적용 등 혜택 사업 알아서 찾아서 행정 지원• 딱딱한 출근 시간은 싫으니깐, 9 ~ 10시 시차출퇴근• 복지가 부족할 것 같아서, 복지포인트 및 통신비 지원",상시,대학교졸업(4년) 이상,신입
/position/3609,"['machinelearning·', 'deeplearning·', 'python·', 'r·', 'tensorflow·', 'pytorch·', 'ai/인공지능']","AI Data Scientist, AI 분석가",애자일소다,2.5,• 기업의 문제 해결을 위한 AI 컨설팅• AI 모델 개발 및 분석 과제 수행,"•  ML/DL 등 모델링에 활용하는 언어 및 도구를 하나 이상 다룰 수 있는 분   ※ 언어 : Python, R등.     ※ 도구 : Tensorflow, PyTorch 등•  ML/DL 알고리즘에 대한 이해 및 설명이 가능하신 분",• ML/데이터마이닝 유경험자• 통계/수학 등 관련 분야 전공자• 데이터를 가공하여 모델 개발/검증까지 도출 경험이 있으신 분• 딥러닝 혹은 머신러닝을 활용한 분석 과제 또는 공모전 경험자 • 논문 게재 유경험자• 문서 작성에 유능한 분,"• 문화 마일리지제도• 유연근무제도 시행 • 간식 무한 제공• 명절 상품권 및 선물지급• 생일, 입사기념일 상품권 지급• 경조휴가 및 경조금 지급• 동료추천 포상금• 장기 근속 포상제도• 직무 발명 포상제도• 스톡옵션 제도• 인센티브 지급• 점심식대 실비지원 등",상시,대학교졸업(4년) 이상(졸업예정자 가능),신입
/position/6150,"['python·', 'git·', 'github·', 'rest', 'api·', 'aws·', 'machinelearning']",Machine Learning Engineer (MLOps),오케스트로,4.4,• 자사 MLOps 모델 관리 서비스 개발 참여• MLOps 파이프라인 구축 및 운영,"• 모델 학습 및 배포를 포함한 ML 파이프라인 일부 또는 전체 구축 및 운영 경험이 있으신 분• Python 프로그래밍에 대한 경험이 있으신 분• Git/Github 버전 관리의 이해 및 사용 경험, RESTful API 에 대한 이해가 높으신 분",• 컨테이너와 컨테이너 오케스트레이션(K8s)에 대한 이해와 경험이 있으신 분• AWS 환경에서 시스템 운영 경험이 있으신 분• 머신러닝에 대해서 흥미를 갖고 공부를 해보신 분• 재사용성이 높고 간결한 코드를 끊임없이 지향하시는 분• 본인에 대한 기대치가 매우 높으며 성취에 대한 욕구가 크신 분• 새로운 기술을 배우는 것을 꺼리지 않으며 즐겨하시는 분• 효율적으로 문제를 해결하기를 항상 고민하는 분• 함께 성장할 수 있는 개발문화를 개척하고 싶으신 분• 원팀으로서 더 나은 프로덕트를 고민할 수 있는 분• 피드백을 주거나 받는 것에 거리낌이 없으신 분,"• 자율 출퇴근매일 매일 편한 시간에 출근하세요(9~10) 하루 8시간 열심히 근무하신다면 언제든지 퇴근 하셔도 괜찮습니다• 식비 지원오케스트로는 점심 저녁 식대를 제공합니다 매일 매일 맛있는 식사로 힐링해 보세요 • 각종 휴가 지원 눈치 보지 말고 자유롭게 신청하세요. (연차, 반차, 반반차 운영)여름휴가(연차 외 최대 3일), 기념일 휴가(본인, 자녀 입학/졸업식 유급)를 제공해드려요. • 개인 장비 지급 (Mac Pro, 모니터 등)빛나는 성과를 내는데 꼭 필요한 최고급 사양의 업무용 장비를 지원해드립니다 필요한 장비, 필요한 소프트웨어는 언제든지 지원해드리니 부담 없이 요청해주세요• 도서 구입비 지원개인의 성장이 조직의 성장을 이끈다고 믿습니다. 새로이 발전하는 기술 트렌드를 익히고 발전시킬 수 있도록 교육비, 도서 구입비를 지원해드립니다. • 결혼 장려금 / 출산 장려금 지원개인의 생활과 직장이 조화를 이루도록 지원합니다. 일생에 가장 축하할 일인 결혼과 출산 장려금을 드립니다. • 자유로운 복장개인의 개성과 스타일을 존중합니다편하게 입으시고, 눈치 보지 마세요• 그 외종합 건강검진, 생일 축하(선물 & 조기 퇴근), 명절 선물, 청년내일채움공제 등",상시,무관,신입
/position/6147,"['tensorflow·', 'pytorch·', 'rest', 'api·', 'spark·', 'hadoop·', 'linux·', 'deeplearning']",Deep learning Engineer,오케스트로,4.4,"• Obeject Detection, Sementic Segmentation, Classification 알고리즘 개발• 데이터 프로세스 설계 및 데이터 전처리• 관련 분야 논문 리서치 및 논문 투고","• 연구에 대한 도전정신과 주어진 문제를 해결하기 위해 실행하시는 분• 관련 분야 전공자(컴퓨터공학 및 과학, 통계, 물리학, 수학 기타 관련 학위)• 데이터에 대한 이해와 흥미를 가지신 분• 오픈소스, API 활용 경험이 있고, 능숙하신 분• 딥러닝 프레임워크(e.g. Tensorflow, PyTorch 등) 사용이 수월하신 분• 논문 리서치 및 구현이 가능하신 분","• 관련 학위 보유자(석박사 학위자 우대)• Spark, Hadoop 등 분산 처리 및 병렬 처리 이해도가 있으신 분• mndetection, detectron 프레임워크 개발 경험이 있으신 분• Linux 환경에서 프로그래밍 및 테스트 경험이 있으신 분• SoTA에 대한 이해도가 있으신 분• 논문 투고 경험이 있으신 분","• 자율 출퇴근매일 매일 편한 시간에 출근하세요(9~10) 하루 8시간 열심히 근무하신다면 언제든지 퇴근 하셔도 괜찮습니다• 식비 지원오케스트로는 점심 저녁 식대를 제공합니다 매일 매일 맛있는 식사로 힐링해 보세요 • 각종 휴가 지원 눈치 보지 말고 자유롭게 신청하세요. (연차, 반차, 반반차 운영)여름휴가(연차 외 최대 3일), 기념일 휴가(본인, 자녀 입학/졸업식 유급)를 제공해드려요. • 개인 장비 지급 (Mac Pro, 모니터 등)빛나는 성과를 내는데 꼭 필요한 최고급 사양의 업무용 장비를 지원해드립니다 필요한 장비, 필요한 소프트웨어는 언제든지 지원해드리니 부담 없이 요청해주세요• 도서 구입비 지원개인의 성장이 조직의 성장을 이끈다고 믿습니다. 새로이 발전하는 기술 트렌드를 익히고 발전시킬 수 있도록 교육비, 도서 구입비를 지원해드립니다. • 결혼 장려금 / 출산 장려금 지원개인의 생활과 직장이 조화를 이루도록 지원합니다. 일생에 가장 축하할 일인 결혼과 출산 장려금을 드립니다. • 자유로운 복장개인의 개성과 스타일을 존중합니다편하게 입으시고, 눈치 보지 마세요• 그 외종합 건강검진, 생일 축하(선물 & 조기 퇴근), 명절 선물, 청년내일채움공제 등",상시,대학교졸업(4년) 이상,신입
/position/6043,"['cuda·', 'machinelearning·', 'deeplearning·', 'c++·', 'opencv']",CUDA 프로그래밍 개발자 모집,인트플로우,4.4,• CUDA 기반 영상처리 API 개발• NVIDIA 플랫폼 기반 영상처리 엔진 구현,"• C++, OpenCV 활용 개발 경험 (포트폴리오 1건 이상)","• NVIDIA CUDA 언어 개발 경험 우대• NVIDA VPI 엔진 활용 경험 우대• NVIDIA Jetson Nano, Xavier 등 Edge Platform 활용경험 우대","연차, 상여금, 4대보험, 명절선물, 저녁식사 제공, 스마트기기, 노트북, 최고 성능 컴퓨터",상시,"대학졸업(2,3년) 이상",신입
/position/612,"['machinelearning·', 'java·', 'python·', 'c#·', 'unity·', 'deeplearning·', 'ios·', 'ar·', 'opencv']",[AR] 이미지 프로세싱 개발자,머지리티,정보없음,• 다양한 Image processing 또는 Computer vision 관련 library등을 이용하여 object를 인식하고 표현• 고속 이미지 검색 기술							,"[신입] • 컴퓨터 공학 관련 전공 4년제 대졸, 이수한 전공 학점 수/전체 학점 수 60% 이상, 전공 학점 4.0이상(4.5 기준)[경력] • 4년제 대졸, 영상처리, 컴퓨터 비전 관련 프로젝트 포트폴리오 (발표용)제출 가능자• Image processing, Computer vision 혹은 유관 분야에서 3년 이상 실무 경험이 있으신 분• 이미지 프로세싱 라이브러리 개발 및 오픈 소스 라이브러리 실무 경험• Machine Learning에 대한 전반적인 이해 및 실무 경험이 있으신 분			","• 컴퓨터 공학, 전산 혹은 전기전자 계열 학과 석사 학위 이상자• ARCore, ARKit등으로개발 경력을 보유하신 분• Unity 활용 가능하신 분• iOS vision framework 및 AR Foundation 사용 경험자• iOS 기반 GPU 프로그래밍• Deep learning 프레임워크의 단순 사용에서 벗어나 커스터마이징을 통한 확장성을 갖추신 분","• 지하철 7호선 학동역 9번출구 5초거리로 편하게 출퇴근 가능• 4대보험, 퇴직금, 기본 연차를 당연히 제공• Refresh휴가 제도 (연차 외 유급휴가 3일 부여)• 생일 축하금 및 조기 퇴근권 지급• 장기근속에 따른 포상• 경조금/경조물품 지급• 업무관련 도서비 지원• 명절선물 증정• 편의점급 풍성한 간식 무한 제공• 최상의 장비 지원• 부득이하게 야근할 경우 야근식대/택시비 지원• 개인의 업무 집중을 위해 필요한 내용은 무엇이든, 언제든 알려주세요 : )",상시,대학교졸업(4년) 이상(졸업예정자 가능),신입
/position/5871,"['tensorflow·', 'python·', 'deeplearning·', 'machinelearning']",AI영상처리 알고리즘 엔지니어,블루닷,1.0,"• 딥러닝 기반 영상처리 알고리즘 개발• AI 논문 서치 및 리뷰를 통한 구현 및 테스트• 영상처리 알고리즘 가속을 위한 시스템 반도체 IP 개발자와 협업• 반도체 설계를 위한 뉴럴 네트워크 경량화 및 최적화(화질, 사용자원, 속도 tradeoff) 작업 수행• 프로덕트 출시 후 개선작업 리딩","• 3년 이상 (박사 신입급 가능)• 컴퓨터비전/머신러닝/딥러닝 지식 보유 및 관련 프로젝트 수행 경험자• 영상처리 관련 프로젝트 수행 경험자 (Super resolution, Denoising, Deblurring 등)• 딥러닝 프레임워크 (e.g. Pytorch, Tensorflow 등) 개발 가능",• op Tier 컨퍼런스 및 저널 1저자 경험• 뉴럴 네트워크 경량화 및 최적화 경험 및 기술 보유• 상용화(가능) 서비스 및 제품에 탑재된 알고리즘 개발 경험,• 자율 출퇴근제 / 무제한 휴가제• 영어 호칭 사용• 최신형 노트북 제공• 석식 제공• 간식바/음료 제공,상시,대학교졸업(4년) 이상,신입
/position/5722,"['c·', 'c++']",경로탐색 엔진 개발자,파토스,2.2,• Global Route Planning Engine 개발• Multi Modal Transportation Route Planning Engine 개발 ,"• A*, Dijkstra 등 경로탐색 알고리즘에 대한 이해도 보유• C/C++ 코딩 가능• 수학과 우대",• 수학과 또는 알고리즘 전공 관련학과 졸업자 우대• 내비게이션용 경로탐색 엔진 개발 경험자 우대• 물류 배송용 경로탐색 엔진 개발 경험자 우대,"• 자유복장, 자유로운 연차사용 편안하게 일할 수 있는 환경을 제공합니다!• 당이 떨어질 때를 대비한 간식들이 무료로 제공됩니다.• 회의실, 노트북 지급 및 월 자기계발비를 지원합니다. ",상시,대학교졸업(4년) 이상,신입
/position/5534,"['java·', 'linux·', 'rest', 'api·', 'tensorflow·', 'python·', 'deeplearning·', 'ai/인공지능·', 'pytorch·', 'tensorflow.js']",[주4.5일] 딥러닝 연구 개발자,인라이플,2.9,• 컴퓨터 비전 - 유사 이미지 추천 / 객체 탐지 관련 연구개발• OCR - 이미지 텍스트 감지 (Text Detection) - 텍스트 디지털 변환 업무• 자연어 처리 - BERT / MRC를 활용한 자연어 처리 업무• Lip Generation - GAN / VAE / Landmark Detection - TTS 프로그램 활용 음성 변환 업무,• 관련 업무 경험자• 기술 탐색 및 연구 / 문제 해결 능력 보유자• AI 관련 최신 논문 이해 및 구현 가능자• TTS 엔진 개발 경험 보유자,"• 딥러닝 프레임워크 사용 경험자• TTS 엔진 개발 경험 보유자• Pyton, Pytorch, Tensorflow, Flask 등 사용 경험자","• 주 4.5일 근무제 - 주 35시간 근로제도로, 매주 금요일 3시간 오전 근무 진행• 중식 제공 - Payco 충전을 통한 중식 무료제공• 석식 제공 - Payco 충전을 통한 석식 무료제공 (지원 기준 : 야간 근로 21:00 근무시 석식 제공)• 간식 제공 - 사내 카페테리아 모든 메뉴 이용가능 (커피, 음료, 과자, 라면 등)• 자율복장 근무 - 딱딱하고 고루한 출근 복장이 아닌 전면 복장 자율화!• 리프레쉬 휴가지원 - 3년(70만원), 5년(150만원), 10년(200만원) 근속자들을 위한 리프레쉬 휴가 및 여행 비용 현금 지원• 생일 묻지마 휴일 - 매년 생일은 휴가신청없이 무조건 휴일!• 지금 만나러 갑니다 - 자녀, 배우자, 부모님 생신에 연 2회 오후 4시 퇴근• 인플 자녀탄생축하금 - 직원 혹은 배우자 자녀 출산 시 , 축하금 지원 (기프트카드 제공)• 인플 창립기념일 - 인라이플 창립일인 6월 20일을 기념 (휴가 or 선물)• 자기개발비 지원 - 매달 개인이 필요한 도서구입 및 개인여가에 필요한 물품 구매 포인트 1인 3만원 지원• 명절 선물지원 - 설날, 추석 등 선물 지급• 인플 Skill-up 지원 - 해당 직무 자격증 응시료 지원• 워너비를 응원합니다 - 매월 직원이 추천하고 워너비를 선정 / 1등 30만, 2등 20만, 3등 10만원 지급• 인플 리크루팅 보상금 - 사원/주임급 30만원, 대리/과장급 70만원, 차장/부장급 100만원 보상",상시,무관,신입
/position/4880,"['python·', 'azure', 'devops·', 'linux·', 'docker·', 'kubernetes·', 'aws·', 'gcp·', 'alpine', 'linux·', 'docker', 'cloud·', 'machinelearning']",[전문연구요원/신입가능] AI/백엔드 엔지니어 - 병역특례,버즈니,3.6,"※ 참고사항 : 1. 해당 공고는 전문연구요원 특별 채용입니다.2. 대졸 초임 기준 5000만원 수준 연봉 3. 해당 직군은 전문연구요원으로도 지원 가능합니다.(신규) 석,박사 졸업 혹은 22년 2월 졸업(예정)인 신규편입 대상자(전직) 1년 6개월의 복무 후 전직이 가능한 대상자 ■ 팀 소개머신러닝 기술을 이용하여 홈쇼핑 사용자들에게 새로운 가치를 제공하기 위해 노력합니다.또한 이를 통해 홈쇼핑모아 서비스의 확연한 차이를 이끌어 내고자 하며, 외부에 버즈니의 머신러닝 기술을 공개하여 커머스 AI 기술을 선도하는 기업으로 자리 잡고자 합니다.■ 우리의 성장 가능성머신러닝의 결과물을 저장하고, 사용자에게 제공하는 경험을 쌓을 수 있습니다.그 과정에서 클라우드 서비스를 활용한 효율적이고 안정적인 아키텍처를 구성하는 능력을 키울 수 있습니다.■ 주요업무• 머신러닝 모델 서비스화 및 API 개발• 데이터 처리 및 서빙 시스템 자동화• AI 연구와 서비스에 필요한 플랫폼 및 시스템 구축■ 버즈니 AI/Lab 콘텐츠• https://bit.ly/3c2MoPY• https://bit.ly/3n7MTi3","• 주도적으로 문제를 찾고, 해결할 수 있는 능력을 보유하신 분• Python 사용 경험이 있으신 분• 다음 항목 중 두 가지 이상에 해당되는 분    - AWS 혹은 GCP와 같은 클라우드 플랫폼 사용 경험이 있으신 분    - DevOps에 대한 이해 및 지식을 갖추신 분    - Linux 환경에 대해 잘 이해하고 계신 분    - Docker와 같은 컨테이너 환경에 대한 이해가 있으신 분","• Kubernetes 클러스터를 구성해 본 경험이 있으신 분• 다양한 타입의 데이터베이스(RDBMS, NoSQL 등)를 적재적소에 활용하실 수 있는 분• 머신러닝 모델 서비스화 경험이 있으신 분• DBMS, Linux, Docker 등 인프라 관련 트러블슈팅 경험이 있으신 분","■ 버즈니크루에게 제공되는 다양한 베네핏 [연봉상위 1% 대우]• 우리는 우수한 인재를 우리의 동료로 함께 하기 위한 투자를 아끼지 않습니다.• 우리는 지난해 개발 직군 대졸 신입 초봉을 5000만원으로 일괄 인상했습니다. • 경력직의 경우 업계 최고 수준의 대우를 보장합니다. [개인 법인카드 지급]• 밥값 걱정없이 맛있게 먹고 즐겁게 일 할 수 있게 적극 지원해요!  1일 1만원 한도로 식사는 물론, 커피숍이나 편의점 등 재택근무에도 자유롭게 사용 가능해요![회사에서 돈 쓰지 마요!! 버즈니가 쏩니다.]• 점심식비 10,000원/일 (연간 200만원 이상/재택근무 포함)• 명절 상여금 1,000,000원 / 당해년도 (설,추석 각 50만원) • 회식비 지원 360,000원 /당해년도• 도서지원비 240,000원 /당해년도• 자기계발비 480,000원 /당해년도• 홈쇼핑지원금 600,000원 /당해년도 (판매가의 30% 지원)• 생일 지원금 100,000원 /상품권• 건강검진 지원금 800,000원 /종합검진 업그레이드[자율 출퇴근 제도]• 7시~11시 중 출근 시간을 선택할 수 있으며, 일주일에 40시간 근무합니다. [Role-driven 조직]• 버즈니크루는 스스로가 결정권자로서 모든 일에 책임감을 가지고 일하고 있습니다.• 우리는 서로의 의견을 존중하며, 더불어 많은 이야기를 통해 합리적인 의사결정을 합니다.• 내가 내 분야의 전문가로서 얼마만큼 성장할 수 있는지는 오롯이 나에게 달려있습니다.[불필요한 체계가 없는 환경]• 우리는 모두 수평적인 동료로서 함께 일하고 있습니다.• 딱딱한 직급 대신 닉네임으로 서로를 부르고, 불필요한 형식의 보고가 아닌 노션과 슬랙, 스몰톡을 통해 업무 유관자와 그때 그때 공유합니다.  [기회와 보상]• 더 나음을 생각하고 실행하는 버즈니크루는 언제나 두팔 벌려 환영합니다!• 성장의 즐거움을 즐기는 것은 버즈니의 가장 큰 성과로서, 그에 맞는 보상으로 보답하고자 합니다.[실패가 아닌 경험]• 우리는 실패가 아닌 ""경험했다"" 라고 이야기합니다.• 경험은 쌓일수록 더 좋은 다음을 만들 수 있다고 믿기에, 많은 시도를 해보는 것이 더 중요하다고 생각합니다.[일하기 좋은 환경]• 최고의 퍼포먼스는 좋은 환경에서 더 빛을 발할 수 있기에, • 업무에 필요한 최신 업무 장비(맥북 프로)와 쾌적한 사무실 환경에는 적극적인 지원을 하고 있답니다. [배움에는 무한으로 지원]• 넓은 지식의 바다에서 우리는 배워도 배워도 부족함을 느낍니다.• 배움에는 갈증을 느끼지 않도록 사내도서관 운영을 통해 무제한으로 도서를 신청하고 볼 수 있습니다. 더불어 외부 교육 뿐만 아니라 내부 세미나를 통해서도 배움의 장을 접할 수 있도록 환경 마련에 힘쓰고 있습니다.그밖에도,#캐쥬얼복장 #자유로운 휴가 사용 #리프레시 휴가+휴가지원금 #건강검진 지원 #자율 회식/문화 회식 #도서구입비 지원 #쾌적한 휴식공간(B-라운지) #장기근속 지원 #올빼미 지원(늦게 퇴근하면 당연히 늦은 출근) #스톡옵션#수평적조직 #전문연구요원",상시,석사졸업 이상,신입
/position/4032,"['matlab·', 'c·', 'c++·', 'ai/인공지능·', 'machinelearning']",AI개발자 채용,에이티센스,정보없음,• Matlab을 이용한 심전도 신호(ECG) 분석 알고리즘 개발• AI (machine learning) - 부정맥 진단 알고리즘 연구/개발,• Matlab 필수									• 신호처리 전공									• 관련분야 석사 학위 취득자									• [포트폴리오 제출 필수]									,"• 생체신호처리(ECG, EEG) 분석 유경험자	• C/C++ 능숙하신 분• 관련분야 박사 학위 취득자","• 워라밸 시차출근제 [8시/9시/10시 출근 선택 가능]• 정자역 지하철 3번출구에서 30초 이내 위치 /초역세권/더블역세권• 장기근속 리프레쉬 휴가제도 운영 (3,5,10년)• 여름휴가 5일 휴무일, 자유로운 연차 사용• Covid19 백신휴가 지원 - 유급휴가 2일• 성과금 지급• 석식 지원, 교육비 지원, 회식비 지원,동호회 지원• 자녀 돌,백일 시 유급휴가1일+경조금지급• 모닝커피 지원 - 월 5만원 쿠폰 지급• Happy Birthday 제도 - 생일 상품권 10만원 지급+  2시간 조기퇴근• 월 1회 치맥Day / 5시 조기 퇴근• ATsens Talk Talk Day (Q&A DAY 운영) / 2개월 1회 • 건강검진 2년 1회 지원 (70만원 상당 골드 프로그램)• 가족 심장케어 지원 (본인,직계가족 연 1회 심전도검사비 지원",상시,석사졸업 이상,신입
/position/4882,"['python·', 'kibana·', 'google', 'docs·', 'bigdata·', 'ai/인공지능·', 'google', 'ai', 'platform·', 'machinelearning·', 'aws·', 'azure', 'devops·', 'docker·', 'dm']",[전문연구요원/신입가능] AI/백엔드(마케팅 분야) - 병역특례,버즈니,3.6,"※ 참고사항 : 1. 해당 공고는 전문연구요원 특별 채용입니다.2. 대졸 초임 기준 5000만원 수준 연봉 3. 해당 직군은 전문연구요원으로도 지원 가능합니다.(신규) 석,박사 졸업 혹은 22년 2월 졸업(예정)인 신규편입 대상자(전직) 1년 6개월의 복무 후 전직이 가능한 대상자 ■ 팀 소개버즈니 마케팅 팀은 연간 1500억원의 거래액을 내는 1000만 다운로드 앱 “홈쇼핑모아” 에 대해서 데이터, 기술, AI 등을 활용한 그로스 마케팅의 이점을 극대화한 방법으로 사용자를 크게 늘려 나갔습니다.마케팅 분야 AI 백엔드 엔지니어는 데이터를 기반으로 논리적이고 자동화된 방식으로 매달 수억원의 마케팅비의 효율을 극대화 하여 서비스 성장을 견인해 나가는 역할을 하게 됩니다.■ 주요업무• 키워드 검색 광고 최적화    – 통계 및 여러 자료를 취합해 효율이 좋은 검색 광고 키워드 예측 및 발굴    – 사용자 유입과 유저 액션을 분석하여 키워드 단가 조정 및 광고 순위 최적화    – 데이터 마이닝을 사용해 마케팅 전략 수립    – 웹 크롤링을 사용해 외부 데이터 수집 및 적재• 디스플레이 광고 최적화    – 서비스 타겟 사용자 자동 분류    – 개인화된 디스플레이 배너 광고 자동 생성    – 디스플레이 광고 개인화 및 최적화• 광고 효율 시각화 및 분석    – redash, kibana, Attribution, Jupyter Notebook 툴 등을 활용하여 광고 효율 시각화 및 분석• 데이터를 기반으로 마케팅 인사이트 도출   – 보유하고 있는 빅 데이터를 활용하여 마케팅 인사이트 도출■ 버즈니 AI/Lab 콘텐츠• https://bit.ly/3c2MoPY• https://bit.ly/3n7MTi3■ 버즈니 전문연구요원은 어떻게 일할까?• http://naver.me/xIZqvCu1","• Python 프로그래밍에 능숙하신 분 • DB, 통계, 컴퓨터 기반 기술에 대한 이해를 가지신 분",• 통계 및 머신러닝 기반의 데이터 분석 경력이 2년 이상 있으신 분,"■ 버즈니크루에게 제공되는 다양한 베네핏 [연봉상위 1% 대우]• 우리는 우수한 인재를 우리의 동료로 함께 하기 위한 투자를 아끼지 않습니다.• 우리는 지난해 개발 직군 대졸 신입 초봉을 5000만원으로 일괄 인상했습니다. • 경력직의 경우 업계 최고 수준의 대우를 보장합니다. [개인 법인카드 지급]• 밥값 걱정없이 맛있게 먹고 즐겁게 일 할 수 있게 적극 지원해요!  1일 1만원 한도로 식사는 물론, 커피숍이나 편의점 등 재택근무에도 자유롭게 사용 가능해요![회사에서 돈 쓰지 마요!! 버즈니가 쏩니다.]• 점심식비 10,000원/일 (연간 200만원 이상/재택근무 포함)• 명절 상여금 1,000,000원 / 당해년도 (설,추석 각 50만원) • 회식비 지원 360,000원 /당해년도• 도서지원비 240,000원 /당해년도• 자기계발비 480,000원 /당해년도• 홈쇼핑지원금 600,000원 /당해년도 (판매가의 30% 지원)• 생일 지원금 100,000원 /상품권• 건강검진 지원금 800,000원 /종합검진 업그레이드[자율 출퇴근 제도]• 7시~11시 중 출근 시간을 선택할 수 있으며, 일주일에 40시간 근무합니다. [Role-driven 조직]• 버즈니크루는 스스로가 결정권자로서 모든 일에 책임감을 가지고 일하고 있습니다.• 우리는 서로의 의견을 존중하며, 더불어 많은 이야기를 통해 합리적인 의사결정을 합니다.• 내가 내 분야의 전문가로서 얼마만큼 성장할 수 있는지는 오롯이 나에게 달려있습니다.[불필요한 체계가 없는 환경]• 우리는 모두 수평적인 동료로서 함께 일하고 있습니다.• 딱딱한 직급 대신 닉네임으로 서로를 부르고, 불필요한 형식의 보고가 아닌 노션과 슬랙, 스몰톡을 통해 업무 유관자와 그때 그때 공유합니다.  [기회와 보상]• 더 나음을 생각하고 실행하는 버즈니크루는 언제나 두팔 벌려 환영합니다!• 성장의 즐거움을 즐기는 것은 버즈니의 가장 큰 성과로서, 그에 맞는 보상으로 보답하고자 합니다.[실패가 아닌 경험]• 우리는 실패가 아닌 ""경험했다"" 라고 이야기합니다.• 경험은 쌓일수록 더 좋은 다음을 만들 수 있다고 믿기에, 많은 시도를 해보는 것이 더 중요하다고 생각합니다.[일하기 좋은 환경]• 최고의 퍼포먼스는 좋은 환경에서 더 빛을 발할 수 있기에, • 업무에 필요한 최신 업무 장비(맥북 프로)와 쾌적한 사무실 환경에는 적극적인 지원을 하고 있답니다. [배움에는 무한으로 지원]• 넓은 지식의 바다에서 우리는 배워도 배워도 부족함을 느낍니다.• 배움에는 갈증을 느끼지 않도록 사내도서관 운영을 통해 무제한으로 도서를 신청하고 볼 수 있습니다. 더불어 외부 교육 뿐만 아니라 내부 세미나를 통해서도 배움의 장을 접할 수 있도록 환경 마련에 힘쓰고 있습니다.그밖에도,#캐쥬얼복장 #자유로운 휴가 사용 #리프레시 휴가+휴가지원금 #건강검진 지원 #자율 회식/문화 회식 #도서구입비 지원 #쾌적한 휴식공간(B-라운지) #장기근속 지원 #올빼미 지원(늦게 퇴근하면 당연히 늦은 출근) #스톡옵션#수평적조직 #전문연구요원",상시,석사졸업 이상,신입
/position/4916,"['c++·', 'c#·', 'sw·', 'deeplearning']",AI SW 개발팀,시냅스이미징,2.3,• 딥러닝 Application 개발• Data 준비• 학습망 제작 외,• 4년제 이상 SW관련 전공자• C++ / C# 프로그램 사용가능자• 신입 ~ 2년 이내 경력자,• 관련업무 경험자• 군포지역 거주자,• 커피무제한 무료!!! 안마의자를 구비한 사내카페 운영!!!• 매일 새로운 간식도?? 무료!!• 일과 휴식의 밸런스!! 자유로운 연차사용• 회사의 성과를 공유한다!! 연봉외 별도의 상여시스템,상시,대학교졸업(4년) 이상(졸업예정자 가능),신입
/position/3203,"['python·', 'c·', 'machinelearning·', 'deeplearning·', 'pytorch·', 'tensorflow']",[모빌린트][전문연 가능]딥러닝 모델 압축 엔지니어,모빌린트,0.0,"• Quantization, pruning 등 모델 최적화와 압축 방법론에 대한 최신기법 연구 및 개발• 하드웨어 팀과 협업을 통해 하드웨어 전력 효율 극대화 및 압축 기술 탑재• 소프트웨어 팀과 협업을 통해 모빌린트 프로세서의 소프트웨어 개발 키트 개발","• 3년 이상의 딥러닝 압축 방법론 연구 경력을 가지신 분• 딥러닝 프레임워크(PyTorch, TensorFlow 등) 활용이 능숙하신 분• 자기 동기부여 및 배우고자 하는 의지가 강하신 분","- 임베디드 시스템 환경에서의 딥러닝 알고리즘 개발 경험을 가지신 분• 프로그래밍 언어(Python, C++ 등) 활용이 능숙하신 분• 확률과 통계, 확률적 추론에 대한 지식을 보유하신 분• 수학적 사고와 각종 수학 이론에 대한 이해가 높으신 분• 관련 분야 논문 실적이 있으신 분• 영어 능통자","• 4대보험, 건강검진 등 기본 복지• 자유롭고 쾌적한 근무환경• 중식 식대, 간식 무한제공",상시,대학교졸업(4년) 이상(졸업예정자 가능),신입
/position/3202,"['python·', 'pytorch·', 'tensorflow·', 'deeplearning']",[모빌린트][전문연 가능]딥러닝 알고리즘 엔지니어,모빌린트,0.0,"• 딥러닝 모델, 이론, 기술 및 제품 적용을 위한 최적화 방법 연구• 하드웨어/소프트웨어 엔지니어 팀과 협업하여 최신 알고리즘 적용된 인공지능 가속기 개발","• Math, CS, EE 석사 학위 소유자, 또는 이와 동등한 경력을 가지신 분• 3년 이상의 딥러닝 분야 연구 경력을 가지신 분• 딥러닝 프레임워크(PyTorch, TensorFlow 등) 활용이 능숙하신 분• 자기 동기부여 및 배우고자 하는 의지가 강하신 분",• 임베디드 시스템 환경에서의 딥러닝 알고리즘 개발 경험을 가지신 분• 관련 분야 논문 실적이 있으신 분• 영어 능통자,"• 4대보험, 건강검진 등 기본 복지• 자유롭고 쾌적한 근무환경• 중식 식대, 간식 무한제공",상시,석사졸업 이상(졸업예정자 가능),신입
/position/4447,"['tensorflow·', 'python·', 'c++·', 'matlab·', 'ai/인공지능']",디지털헬스케어 플랫폼 AI 엔지니어 (병역특례 가능),엑소시스템즈,4.7,"디지털 헬스케어 디바이스로부터 얻어지는 생체신호를 분석하여 질병과 관련된 디지털 바이오마커를 분석하는 일을 합니다. 골격근의 상태를 진단 모니터링하는 측정 기술을 개발하며, 다양한 근육의 비선형 생체 신호를 학습알고리즘을 활용하여 정량적 지표를 개발을 수행합니다. 골격근 고유의 특성을 비침습적으로 진단하는 최초의 기술을 개발하여 건강관리의 새로운 패러다임을 만들어갑니다. 세계로 나아갈 수 있는 기술을 개발한는 핵심 인력 중 하나로서 회사의 미래를 함께 그려나가실 분을 찾습니다.• 근골격계 건강관리를 위한 생체신호 데이터 분석• 생체신호 기반의 정량적 / 질적 평가 알고리즘 및 예측 알고리즘 개발• 사용자 데이터 기반의 Key Index 및 측정해야 하는 DB 요구사항 도출","• AI 관련 전공/프로젝트 포트폴리오 제출• Tensorflow / CNN, DNN, RNN 에 대한 높은 이해• 데이터 정제, outlier 제거 등 전처리를 위한 도구 개발 경험• Python / C++ / MATLAB 숙련자",• 관련분야 석/박사 학위자• 생체신호 분석 관련 프로젝트 포트폴리오 보유자• 관련 프로젝트 리드 경험자• 수준급 저널 논문 게재 실적 보유자,"최고의 복지는 함꼐 하는 동료들과의 협업하는 과정에서 성장을 경험하는 것이라고 합니다. 개인과 회사의 성장, 성과에 대한 보상 등 치열한 만큼 보람을 느낄 수 있도록 만들어가고 있습니다. 기업의 성장 단계에 맞는 복지체계를 지속적으로 늘려가도록 하겠습니다.• 육아 고충에 대한 공감 및 근무시간 조정• 자유로운 휴가 사용문화• 아직은 크게 열려있는 스톡옵션 부여 기회• 성과에 따른 인센티브 지급• 결혼 축하금 및 기타 경조사비• 리프레시 휴가 및 휴가비 지원• 병역특례 제도 운영",상시,석사졸업 이상,신입
/position/3548,"['opencv·', 'c++·', 'c#·', 'hw·', 'deeplearning']","머신비전 영상처리 알고리즘, 머신러닝, 딥러닝",케이윈,2.1,• 컴퓨터비전을 이용한 콘택트렌즈 자동검사 시스템• 영상처리 알고리즘• 하드웨어 선정 및 제품 샘플테스트• 딥러닝 개발• UI(화명구성) 변경 및 신규개발• 기존 프로그램 분석 및 유지보수,무관함,• 영상처리 경력자• 딥러닝 경력자• 동종업종 경력자• 관련학과 전공자,• 4대보험 외,상시,무관,신입
/position/4276,"['machinelearning·', 'deeplearning']",Research Engineer - Machine Learning,서울로보틱스,5.0,"• Design, build, train and test Machine Learning and Deep Learning perception models such as segmentation, classification, detection, tracking, and prediction• Optimize and deliver algorithm to software platform as code product with software engineering team• Task management throughout the entire project life cycle, from requirements definition, data set creation, data processing, architecture selection, training, optimization to evaluation and documentation.","• Bachelor’s degree in Computer Science, Engineering, or equivalent work experience• Experience in 3D software development including 3D graphics, gaming, and vision application• Familiarity with software design patterns• Curious, self-motivated, and excited about solving challenging problems• Great communication skills, both oral and written",• Experience in embedded software development• Experience in distributed system development• Experience in robotic software development,"• International Team (English is a must, Korea is an optional)• Flexible working hour (8 hours a day / Core time: 11~12, 14~17)• 15 vacations a year (Free to use)• No dress code• Support the best equipment for work• Premium health check (Once a year)• Support books, seminars and conferences for growth",상시,대학교졸업(4년) 이상(졸업예정자 가능),신입
/position/4158,"['ai/인공지능·', 'bigdata·', 'machinelearning·', 'deeplearning·', 'r·', 'python']",AI/빅데이터 - Data Scientist 연구개발,비스텔리젼스,정보없음,"• 제조 및 산업 데이터 분석 (데이터마이닝/통계/머신러닝/최적화), Insight 발굴 및 예측 모델 수립 • 데이터 전처리 (gathering, preprocessing, cleansing)• 데이터 시각화/리포팅• 데이터 분석을 통한 자사 제품화를 위한 알고리즘 연구 • Data Science 및 Data Analytic Consulting 업무","• 학력: 석/박사 – 병역특례 전문연구요원 지원 가능• 수학 및 통계에 대한 리터러시  • 제조 산업에 필요한 분석, 진단, 예측 관련 주제에 대한 기술 연구 능력• 데이터를 읽고 쓰고 살펴보기 위한 프로그래밍 코딩(예. R, Python, MatLab, TensorFlow 등)의 이해와 활용 능력  • 데이터 분석 및 모델링 능력 • Visualization, Reporting 관련 문서작성 능력 • 원활한 의사소통 및 적극적인 팀워크","• 머신러닝, 딥러닝, 인공지능(AI) 등을 활용한 데이터분석 업무 경력 2년이상• 산업공학, 통계학, 데이터마이닝, 수학, 전산학 기타 유사 전공 석사 이상 우대 • 데이터 분석 관련 연구 논문, 및 특허 보유자 우대• 영어 의사 소통 가능자 우대","지원금/보험• 건강검진, 의료비지원(본인), 각종 경조사 지원, 선택적복리후생급여제도• 퇴직연금, 상여금, 장기근속자 포상, 우수사원포상, 퇴직금, 성과급, 야근수당, 휴일(특근)수당, 연차수당, 직책수당, 4대 보험선물• 명절선물/귀향비, 생일선물/파티, 결혼기념일선물, 장기근속 선물교육/생활• 창립일행사, 우수사원시상식, 신입사원교육(OJT), 직무능력향상교육, 리더쉽강화교육, 자기계발비 지원근무 환경• 수면실, 회의실, 전용 사옥, 노트북, 사원증, 사내도서관, 사무용품 지급조직문화• 수평적 조직문화, 자유복장, 자유로운 연차사용, 님/닉네임 문화출퇴근• 탄력근무제, 주 40시간제 시행리프레시• 연차, 경조휴가제, 반차, Refresh휴가, 근로자의 날 휴무, 포상휴가, 산전 후 휴가, 육아휴직, 남성출산휴가",상시,석사졸업 이상(졸업예정자 가능),신입
/position/2619,"['tensorflow·', 'python']",[인공지능기업] 인공지능 전문연구요원 채용,딥브레인에이아이,3.2,• Full-Stack 개발자									• 챗봇 서비스 개발									• 인공지능 대화 앱 개발									• 대화형 인공지능 플랫폼 및 빌더 개발									,• 대학원(석사)이상									• 경력무관									,• 대용량 처리 또는 100만 회원 이상 서비스 개발 경험									• 다양한 프로그래밍 언어 사용 가능자									• 공학/자연계열 석사/박사 학위 소지자									,"• 자기계발비 매월 5만원 제공• 의료비지원 매월 5만원 제공• 패밀리데이 지원금 매월 5만원 제곰• 문화클럽 지원금 매월 3만원 제공• 점심 식사 무료 제공• 원두커피, 간식 무료 제공 (사내 스낵바)",상시,석사졸업 이상,신입
/position/4132,"['oracle·', 'machinelearning·', 'ai/인공지능·', 'bigdata']",Data Scientist  (석사/신입박사) 채용,비스텔리젼스,정보없음,• 다양한 제조환경에 맞는 알고리즘 구현 및 데이터분석,"• 학력 : 대학원(석사)이상• 경력 : 신입박사 / 석사 (경력 5년 이상 ~ 10년 이하)• 데이터 분석 및 AI 관련 전공자(석사/신입박사) 또는 그에 상응하는 경력 보유자• 통계적 데이터 분석에 높은 이해도와 설명 가능한 자• 많은 M/L, D/L 알고리즘을 다양한 데이터 환경에서 빠르게 적용 검증하고 모델로 개발 가능한자• 데이터 분석 수행 과정과 결과에 대한 보고서 작성 및 설명 가능한 자• 다양한 제조 도메인에 대한 경험이 있거나 빠른 이해가 가능한 자","• 제조 산업 데이터 분석 및 예측 모델 개발 경험자• 머신러닝 알고리즘 구현 경험자• 비선형 분석 결과에 대한 수식 모델 개발 경험자• 이미지 데이터 관련 모델 개발 경험자• 통계 package (ex.R) 및 ML 관련 industrial package  활용 해 본 경험이 있는 자.• Coding (Front End 또는 Back End) 및 database (Oracle 또는 big data) 개발 또는 활용 경험자.• 최신 기술과 논문, 알고리즘에 대한 이해 및 구현 역량 보유자","지원금/보험• 건강검진, 의료비지원(본인), 각종 경조사 지원, 선택적복리후생급여제도• 퇴직연금, 상여금, 장기근속자 포상, 우수사원포상, 퇴직금, 성과급, 야근수당, 휴일(특근)수당, 연차수당, 직책수당, 4대 보험선물• 명절선물/귀향비, 생일선물/파티, 결혼기념일선물, 장기근속 선물교육/생활• 창립일행사, 우수사원시상식, 신입사원교육(OJT), 직무능력향상교육, 리더쉽강화교육, 자기계발비 지원근무 환경• 수면실, 회의실, 전용 사옥, 노트북, 사원증, 사내도서관, 사무용품 지급조직문화• 수평적 조직문화, 자유복장, 자유로운 연차사용, 님/닉네임 문화출퇴근• 탄력근무제, 주 40시간제 시행리프레시• 연차, 경조휴가제, 반차, Refresh휴가, 근로자의 날 휴무, 포상휴가, 산전 후 휴가, 육아휴직, 남성출산휴가",상시,석사졸업 이상(졸업예정자 가능),신입
/position/2887,"['python·', 'ubuntu·', 'tensorflow·', 'visual', 'studio·', 'c·', 'pytorch']",ADAS 알고리즘(Automotive 반도체) 부문 채용,넥스트칩,2.7,• ADAS 알고리즘 개발									,"• 대졸 이상 / 전자, 전기, 컴퓨터 공학 전공자									• 신입의 경우 Computer Vision 전공자									• 경력의 경우 ADAS 관련 알고리즘 개발 경력자(3~10년)									• 영상기반 Computer Vision에 대한 지식 보유									",• 영상 관련 알고리즘의 구현 경험자 우대									• 영상 관련 지식/경험자 우대									,"1. 선택적 복지비 제공자기계발을 위한 학원 수강, 체력 증진을 위한 활동(헬스, 수영, 댄스, 요가, 격투기 등), 취미 활동을 위한 학원 수강(요리, 사진, 미술 등), 여가 활동 지원(놀이동산, 워터파크, 스포츠 관람, 여행지 숙박비 등), 문화 활동 지원(도서 구입, 영화, 콘서트, 뮤지컬 등)2. 그 밖의 복리 후생 제도콘도 법인 회원 이용, 휴게실, 음료 제공(차, 커피, 과일 음료 등), 점심/저녁 식사 제공(전자 식권을 이용한 자유로운 식사), 사내외교육 지원, 신입사원 멘토링, 자녀 학자금, 사내 동호회 활동, 경조휴가 등 경조사 지원, 장기근속자 Refresh 휴가 및 포상, 임직원 및 배우자 종합 건강 검진, 상해보험 가입, 회식 지원, 각종 사내외 행사, 시차 출퇴근제 실시",상시,대학교졸업(4년) 이상,신입
/position/3637,"['python·', 'deeplearning·', 'sw']",[경력&신입] python 개발 정규직 채용,폼즈,2.0,"• python을 활용한 디지털 휴먼 엔진 개발	• 딥러닝 소프트웨어 개발 ( Phython, computer vision 전공자)","• 석/박사출신 우대• 딥러닝 소프트웨어 개발 (Phython, computer vision 전공자)",• 기타 개발경험 및 언어활용가능자 우대• 자기 주도적으로 업무를 해나가시는분,"• 직원 중심의 소통하는 조직문화를 만들어갑니다.• 자유복장, 자유로운 연차사용 편안하게 일할 수 있는 최선의 환경을 제공합니다.• 휴게실, 회의실, 공기청정기, 카페테리아(1층), 노트북, 듀얼모니터, 사무용품 지급등 직원들의 자기계발을 존중합니다!• 워크샵, 플레이샵, 신입사원교육(OJT), 직무능력향상교육, 도서구입비지원, 멘토링제도, 교육비 지원, 저녁식사 제공, • 사내동호회 운영, 음료제공(차, 커피), 신규입사자 멘토 제도, 최고의 복지 휴가까지!• 연차, 경조휴가, 리프레쉬휴가, 근로자의날 휴무, 산전 후 휴가, 육아휴직, 남성출산휴가 등 다양한 복지제도로 업무에 집중할 수 있는 최적의 근로환경을 만들어 갑니다.",상시,대학교졸업(4년) 이상(졸업예정자 가능),신입
/position/2763,"['deeplearning·', 'tensorflow·', 'c++·', 'java·', 'python·', 'opencv']",딥러닝 기반 이미지 검색 기술 개발자,디알엠인사이드,3.0,• 자사 이미지 검색 솔루션(imageID) 기반 다양한 응용 서비스 개발,"• 신입 및 경력 1~2년차• 4년제 대학 컴퓨터공학계열 전공 졸업자 및 졸업예정자 또는 SW 개발 교육기관 이수자• Tensorflow, openCV, Python, C/C++, java 개발 능력 보유","• Tensorflow, openCV를 이용한 프로젝트 경험 보유자• 다양한 딥러닝 공개 소프트웨어 기반 응용 시스템 개발 경험 보유자• 모바일 앱 개발 경험 보유자","• 주5일근무, 연차, 경조휴가, 포상휴가, 근로자의날 휴무• 각종 경조금 지원, 장기근속자 포상, 우수사원 표창/포상, 교육비지원, 도서구입비 지원","서울 송파구 중대로 105, 802호 801호, 802호지도보기·주소복사",상시,신입
/position/2405,"['c++·', 'python·', 'tensorflow·', 'pytorch']",영상분야  AI 연구개발 채용,비솔,3.0,• 영상분야 AI 연구개발,"• Computer Vision 경험(OpenCV)• AI·머신러닝 개발 경험 또는 교육 이수자 (Tensorflow, PyTorch 등)","• Object Detection, Image Classification, Segmentation, Tracking 중 1종 이상 개발 경험",• 4대보험 및 퇴직연금/ 연차휴가 및 대체휴가/ 사내식당 점심제공/ 입사자 멘토링 제도/ 사내동호회 지원/ 교육비 지원• 도서비 지원/ 경조금 및 경조휴가/ 장기근속자 포상/ 장기근속자 자녀 대학입학금 지원/ 우수사원 정기포상• 특허출원등록포상/ 비정기적 다양한 포상/ 그룹웨어운영 업무공유 소통문화/ 상하반기 체육대회/ 상하반기 부서워크숍• 상하반기 전체워크숍/ 창립기념행사 등,"경기도 안양천로 502번길 15, 601호 (철산동, 광명테크노타운)  지도보기·주소복사",상시,신입
/position/1761,"['c++·', 'c#·', 'opencv·', 'communication·', 'visual', 'studio', 'code·', 'mfc·', 'python·', 'sw·', 'r']",Machine Vision 영상처리 S/W개발자,브이원텍,2.5,• Machine Vision SW 프로그래머• 머신비전 AI/딥러닝 알고리즘 개발*실제 근무지는 수원으로 변경될 수 있습니다.,"• 머신비전/머신러닝 알고리즘 개발 가능자 (AOI, Align, 검사S/W 및 비전제어)• C++ 또는 C# 응용프로그램 개발 가능자• Python, R 사용 가능자• frame Grabber 혹은 GigE 카메라 제어 경험자","• 관련 전공자• OpenCV  및 상용(Cognex, MIL, Halcon, eVision 등) Library 경험자• 자동화 검사장비 영상처리 S/W 개발 경험자• CNN/RNN/DNN/DBN 등 딥러닝 이론 및 알고리즘 경험자• GPU 프로그램 가능자• 반도체, 디스플레이, 자동차, 2차전지 검사 알고리즘 개발 경험자• Visual C++ 가능자• Machine Vision 운영 경력자",• 식사 제공_급여 별도• 기념일 지원_결혼기념일 및 생일• 재직자 청년내일채움공제• 종합건강검진_가족 1인 동반• 리조트_소노호텔&리조트• 자유복장• 자유로운 연차 사용등 다양한 복지제도가 있습니다.,"경기 성남시 분당구 대왕판교로 660, A동 710호지도보기·주소복사",상시,신입
/position/1322,"['machinelearning·', 'python·', 'ai/인공지능']",AI개발자 ,에버엑스,0.0,"• 환자별 최적 운동 처방 추천을 위한 환자 상태, 운동 이력, 운동 처방 데이터 분석• 환자 운동 영상 분석을 위한 pose estimation 모델링, structured 데이터 / 이미지 데이터 분석 및 모델링","• Python 기반 데이터 전처리, 머신러닝 / 딥러닝 모델링, 성능 검증 능력, 헬스케어 도메인에 대한 이해에 열려 있는 분","• 머신러닝 관련 석사학위 이상• 이미지, 영상 데이터 처리 경험• ML 모델을 서비스에 적용 및 운영해 본 경험• 분석 내용 및 분석 결과 가시화 솔루션 개발 능력• 헬스케어 분야 이해• 모바일 서비스 경험","• 개발에 필요한 Mac OS 기기 지원 • 자율적인 팀 분위기 (팀 및 개인의 목표 수립부터 실행, 결과까지 본인 주도)• 자유로운 연차 사용• 성과에 따른 스톡 옵션• 명절 선물 제공• 교육을 위한 서적 및 콘텐츠구매 지원• 사내외 교육 및 세미나 비용 지원• 역량 및 열정 있는 동료들","서울 강남구 도산대로30길 21-10, 206호 지도보기·주소복사",상시,신입
